Country,Did Country provide Data_for filtering,Number of Prevalent Cases,"Prevalence of MS per 100,000","Number of people living with MS: to insert into Factsheet (1 in every X people, X is the figure shown below)",Prevalence in Lay Terms,"Prevalence Band (prevalence per 100,000)",Percent of MS Prevalence Cases_Male,Male,Female,Percent of MS Prevalence Cases_Female,Number of Pediatric Prevalence Cases,"Pediatric MS Prevalence per 100,000",Pediatric Definition if different (prevalence),"Pediatric Prevalence Band (prevalence per 100,000)",% of all prevalent cases that are pediatric,Data Availability_Prevalence,Confidence Rating Prevalence Sources,Number of Incident Cases,"Incidence of MS per 100,000",Number of people diagnosed each month: to insert into Factsheet (that’s X diagnosed every month -  X is the figure shown below).,Incidence in Lay Terms,"Incident Band per 100,000",Percent of MS Incident Cases_Male,Percent of MS Incident Cases_Female,Number of Pediatric Incident Cases,"Pediatric MS Incident Rate per 100,000",Pediatric Definition if different (Incidence),,Data Availability_Incidence,Confidence Rating Incidence Sources,Mean Age of Onset_Overall,Mean Age of Onset_Male,Mean Age of Onset_Female,Confidence Score_Mean Age of Onset,Demographic Characteristics Collected for Prev/Inc_Race,Demographic Characteristics Collected for Prev/Inc_Age,Demographic Characteristics Collected for Prev/Inc_Sex,Demographic Characteristics Collected for Prev/Inc_Latitude,Demographic Characteristics Collected for Prev/Inc_Migration,Demographic Characteristics Collected for Prev/Inc_Other ,Demographic Characteristics Collected for Prev/Inc_None,Demographic Characteristics Collected for Prev/Inc_Did Not Answer,Percent Relapsing Remitting at Onset_Overall,Percent Primary Progressive at Onset_Overall,Percent Unknown Disease Course at Onset_Overall,Percent Relapsing Remitting at Onset_Male,Percent Primary Progressive at Onset_Male,Percent Unknown Disease Course at Onset_Male,Percent Relapsing Remitting at Onset_Female,Percent Primary Progressive at Onset_Female,Percent Unknown Disease Course at Onset_Female,Confidence Score_Disease Course at Onset,Current Percent Relapsing Remitting_Overall,Current percent Primary Progressive_Overall,Current Percent Secondary Progressive_Overall,Current Percent Unknown Disease Course_Overall,Current Percent Relapsing Remitting_Male,Current percent Primary Progressive_Male,Current Percent Secondary Progressive_Male,Current Percent Unknown Disease Course_Male,Current Percent Relapsing Remitting_Female,Current percent Primary Progressive_Female,Current Percent Secondary Progressive_Female,Current Percent Unknown Disease Course_Female,Confidence Score_Current Disease Course,Clinicians use new disease course definitions which include disease activity (active or not active MS),National Regulatory Authority use new disease course definitions which include disease activity (active or not active MS),Use of new disease course defintions which include disease activity (active or not active MS_combined,MS Registry with National Geographic Coverage,MS Registry with Regional or Local Geographic Coverage ,Upcoming epidemiology data ,Change in countries inc/prev since 2013 ,Reason for change in inc/prev since 2013_Population growth,Reason for change in inc/prev since 2013_Improved ability to diagnose MS ,Reason for change in inc/prev since 2013_Improved ability to count the number of people with MS ,Reason for change in inc/prev since 2013_Improved case ascertainment strategies,Reason for change in inc/prev since 2013_Change of age distribution,Reason for change in inc/prev since 2013_Population migration,Reason for change in inc/prev since 2013_Improved MS treatment and support,Reason for change in inc/prev since 2013_Other ,Are there any plans to modify how your country determines incidence and or prevalence of MS?,Are there additional comments? ,WHO Region,Global Health Data Exchange_sub regions,World Income Bank Level,2019 Estimated Population,Notes about Country,Population of countries  providing data for the aggregate World Bank and WHO categories,% of population of WHO region/WB income group represented by countries providing data,All data in this sheets has been gathered between September 2019 and July 2020. If the data has been updated the date of the update will be shown next to the appropriate country and aggregate scores. NB: Aggregate scores will be updated periodically
Afghanistan,No,,,,,,,0,0,,,,,,,,,,,,,,,,,,,,,,,,,,,,,,,,,,,,,,,,,,,,,,,,,,,,,,,,,,,,,,,,,,,,,,,,,,Eastern Mediterranean,North Africa and Middle East,Low income,38041757,,,,
Albania,Yes,864,30,"3,500","1 in every 3,500 people",26-50,36,311.04,552.96,64,10,,,1.0 - 2.0,1,All prevalence data,Low,,,,,,,,,,,,No incidence data,Unknown,,,,Not Applicable,Yes,Yes,Yes,Yes,No,No,No,No,95,5,0,,,,,,,unknown,,,,,,,,,,,,,unknown,Yes,No,Clinician,Yes,No,Yes but unknown when,,,,,,,,,,,,European,Central Europe,Upper middle income,2880913,,,,
Algeria,Yes,15000,35,"3,000","1 in every 3,000 people",26-50,33,4950,10050,67,100,,,Less than 1.0,1,All prevalence data,Very Low,400,1,33,That's 33 people diagnosed every month,0.0-1.99,34,66,,,,,Overall and Sex,Unknown,30,,,Very Low,No,Yes,Yes,No,No,No,No,No,66,10,24,,,,,,,Very Low,,,,,,,,,,,,,unknown,,,,Yes,No,None,No,Not Applicable,Not Applicable,Not Applicable,Not Applicable,Not Applicable,Not Applicable,Not Applicable,Not Applicable,No,,African,North Africa and Middle East,Upper middle income,43053054,,,,
American Samoa,No,,,,,,,0,0,,,,,,,,,,,,,,,,,,,,,,,,,,,,,,,,,,,,,,,,,,,,,,,,,,,,,,,,,,,,,,,,,,,,,,,,,,Western Pacific,Oceania,Upper middle income,55312,,,,
Andorra,No,,,,,,,0,0,,,,,,,,,,,,,,,,,,,,,,,,,,,,,,,,,,,,,,,,,,,,,,,,,,,,,,,,,,,,,,,,,,,,,,,,,,European,Western Europe,High income,77146,,,,
Angola,No,,,,,,,0,0,,,,,,,,,,,,,,,,,,,,,,,,,,,,,,,,,,,,,,,,,,,,,,,,,,,,,,,,,,,,,,,,,,,,,,,,,,African,Central Sub-Saharan Africa,Lower middle income,31825299,,,,
Antigua and Barbuda,No,,,,,,,0,0,,,,,,,,,,,,,,,,,,,,,,,,,,,,,,,,,,,,,,,,,,,,,,,,,,,,,,,,,,,,,,,,,,,,,,,,,,Americas,Caribbean,High income,97115,,,,
Argentina,Yes,17017,38,"2,500","1 in every 2,500 people",26-50,30,5105.1,11911.9,70,,,,,,Overall and Sex,High,,,,,,,,,,,,No incidence data,High,32,,,High,Yes,Yes,Yes,Yes,No,No,No,No,88,12,0,,,,,,,High,,,,,,,,,,,,,unknown,Yes,Yes,Both,Yes,No,None,Yes,Yes,Yes,Yes,No,Yes,No,yes,No,Yes,,Americas,Southern Latin America,Upper middle income,44780675,,,,
Armenia,Yes,300,10,"10,000","1 in every 10,000 people",0-25,40,120,180,60,,,,,,Overall and Sex,Very Low,,,,,,,,,,,,No incidence data,Unknown,,,,Very Low,,,,,,,,Yes,,,,,,,,,,unknown,70,5,25,0,,,,,,,,,unknown,No,No,None,None,None,None,,,,,,,,,,,,European,Central Asia,Upper middle income,2957728,,,,
Aruba,No,,,,,,,0,0,,,,,,,,,,,,,,,,,,,,,,,,,,,,,,,,,,,,,,,,,,,,,,,,,,,,,,,,,,,,,,,,,,,,,,,,,,Americas,Caribbean,High income,106310,,,,
Australia,Yes,25607,104,"1,000","1 in every 1,000 people",101-200,25,6401.75,19205.25,75,,,,,,Overall and Sex,High,"1,647",6.7,137,That's 137 people diagnosed every month,6.0-9.99,25,75,,,,,Overall and Sex,Low,,,,Moderate,Yes,Yes,Yes,Yes,No,No,No,No,85,15,0,,,,,,,Moderate,84,5,11,0,,,,,,,,,Moderate,Yes,Yes,Both,Yes,No,None,Yes,Yes,Yes,Yes,Yes,No,No,yes,Yes,Unsure,,Western Pacific,Ausralasia,High income,25203200,,,,
Austria,Yes,13500,153,700,1 in every 700 people,101-200,31,4185,9315,69,,,,,,Overall and Sex,High,"1,720",19.5,143,That's 143 people diagnosed every month,10.0-35.0,30,70,,,,,Overall and Sex,High,,,,Not Applicable,No,No,No,No,No,No,Yes,No,,,,,,,,,,unknown,,,,,,,,,,,,,unknown,No,No,None,Yes,No,None,Yes,No,No,No,No,No,No,No,Yes,No,,European,Western Europe,High income,8955108,,,,
Azerbaijan,No,,,,,,,0,0,,,,,,,,,,,,,,,,,,,,,,,,,,,,,,,,,,,,,,,,,,,,,,,,,,,,,,,,,,,,,,,,,,,,,,,,,,European,Central Asia,Upper middle income,10047719,,,,
"Bahamas,  The",No,,,,,,,0,0,,,,,,,,,,,,,,,,,,,,,,,,,,,,,,,,,,,,,,,,,,,,,,,,,,,,,,,,,,,,,,,,,,,,,,,,,,Americas,Caribbean,High income,389486,,,,
Bahrain,No,,,,,,,0,0,,,,,,,,,,,,,,,,,,,,,,,,,,,,,,,,,,,,,,,,,,,,,,,,,,,,,,,,,,,,,,,,,,,,,,,,,,Eastern Mediterranean,North Africa and Middle East,High income,1641164,,,,
Bangladesh,Yes,,,,,,,0,0,,,,,,,No Prevalence Data Available,Unknown,,,,,,,,,,,,No incidence data,Unknown,,,,Not Applicable,,,,,,,,Yes,,,,,,,,,,unknown,,,,,,,,,,,,,unknown,Unsure,Unsure,Unsure,None,None,None,,,,,,,,,,Unsure,,South-East Asia,South Asia,Lower middle income,163046173,,,,
Barbados,No,,,,,,,0,0,,,,,,,,,,,,,,,,,,,,,,,,,,,,,,,,,,,,,,,,,,,,,,,,,,,,,,,,,,,,,,,,,,,,,,,,,,Americas,Caribbean,High income,287021,,,,
Belarus,Yes,5000,50,"2,000","1 in every 2,000 people",26-50,30,1500,3500,70,,,,,,Overall and Sex,Very Low,150,1.5,13,That's 13 people diagnosed every month,0.0-1.99,33,67,,,,,Overall and Sex,Very Low,,,,Very Low,No,Yes,Yes,No,No,No,No,No,75,25,0,,,,,,,unknown,,,,,,,,,,,,,unknown,Yes,No,Clinician,None,None,Yes but unknown when,,,,,,,,,,,,European,Eastern Europe,Upper middle income,9452409,,,,
Belgium,Yes,12000,104,"1,000","1 in every 1,000 people",101-200,33,3960,8040,67,,,,,,Overall and Sex ,Low,450,4.3,38,That's 38 people diagnosed every month,4.0-5.99,,,,,,,Only Overall,Unknown,,,,Not Applicable,,,,,,,,Yes,,,,,,,,,,unknown,,,,,,,,,,,,,unknown,Yes,No,Clinician,Yes,No,None,No,Not Applicable,Not Applicable,Not Applicable,Not Applicable,Not Applicable,Not Applicable,Not Applicable,Not Applicable,No,,European,Western Europe,High income,11539326,,,,
Belize,No,,,,,,,0,0,,,,,,,,,,,,,,,,,,,,,,,,,,,,,,,,,,,,,,,,,,,,,,,,,,,,,,,,,,,,,,,,,,,,,,,,,,Americas,Caribbean,Upper middle income,390351,,,,
Benin,No,,,,,,,0,0,,,,,,,,,,,,,,,,,,,,,,,,,,,,,,,,,,,,,,,,,,,,,,,,,,,,,,,,,,,,,,,,,,,,,,,,,,African,Western Sub-Saharan Africa,Low income,11801151,,,,
Bermuda,No,,,,,,,0,0,,,,,,,,,,,,,,,,,,,,,,,,,,,,,,,,,,,,,,,,,,,,,,,,,,,,,,,,,,,,,,,,,,,,,,,,,,Americas,High Income North America,High income,62508,,,,
Bhutan,Yes,,,,,,,0,0,,,,,,,No Prevalence Data Available,Unknown,,,,,,,,,,,,No incidence data,Unknown,,,,Not Applicable,,,,,,,,Yes,,,,,,,,,,unknown,,,,,,,,,,,,,unknown,,,,,,,,,,,,,,,,,,South-East Asia,South Asia,Lower middle income,763094,,,,
Bolivia,No,,,,,,,0,0,,,,,,,,,,,,,,,,,,,,,,,,,,,,,,,,,,,,,,,,,,,,,,,,,,,,,,,,,,,,,,,,,,,,,,,,,,Americas,Andean Latin America,Lower middle income,11513102,,,,
Bosnia and Herzegovina,Yes,3200,91,"1,000","1 in every 1,000 people",51-100,29,928,2272,71,,,,,,Overall and Sex,Very Low,,,,,,,,,,,,No incidence data,Unknown,31,31,31,Low,No,No,No,No,No,No,Yes,No,70,3,27,70,1,29,70,2,28,unknown,70,3,25,2,70,1,8,21,70,2,25,3,Very Low,Yes,No,Clinician,None,None,None,Yes,No,Yes,No,No,No,No,yes,No,,Yes,European,Central Europe,Upper middle income,3300998,,,,
Botswana,No,,,,,,,0,0,,,,,,,,,,,,,,,,,,,,,,,,,,,,,,,,,,,,,,,,,,,,,,,,,,,,,,,,,,,,,,,,,,,,,,,,,,African,Southern Sub-Saharan Africa,Upper middle income,2303703,,,,
Brazil,Yes,40000,19,"5,500","1 in every 5,500 people",0-25,38,15200,24800,62,,,,,,Overall and Sex,Low,,,,,,,,,,,,No incidence data,Unknown,34,,,Not Applicable,Yes,Yes,Yes,No,No,Yes,No,No,42,12,46,,,,,,,unknown,42,12,3,43,,,,,,,,,unknown,Unsure,Unsure,Unsure,Unsure,Unsure,Did not answer,,,,,,,,,,Unsure,,Americas,Tropical Latin America,Upper middle income,211049519,,,,
British Virgin Islands,No,,,,,,,0,0,,,,,,,,,,,,,,,,,,,,,,,,,,,,,,,,,,,,,,,,,,,,,,,,,,,,,,,,,,,,,,,,,,,,,,,,,,Americas,High-income Asia Pacific,High income,30033,,,,
Brunei Darussalam,No,,,,,,,0,0,,,,,,,,,,,,,,,,,,,,,,,,,,,,,,,,,,,,,,,,,,,,,,,,,,,,,,,,,,,,,,,,,,,,,,,,,,Western Pacific,Southeast Asia,High income,433296,,,,
Bulgaria,No,,,,,,,0,0,,,,,,,,,,,,,,,,,,,,,,,,,,,,,,,,,,,,,,,,,,,,,,,,,,,,,,,,,,,,,,,,,,,,,,,,,,European,Central Europe,Upper middle income,7000117,,,,
Burkina Faso,No,,,,,,,0,0,,,,,,,,,,,,,,,,,,,,,,,,,,,,,,,,,,,,,,,,,,,,,,,,,,,,,,,,,,,,,,,,,,,,,,,,,,African,Western Sub-Saharan Africa,Low income,20321383,,,,
Burundi,Yes,,,,,,,0,0,,,,,,,No Prevalence Data Available,Unknown,,,,,,,,,,,,No incidence data,Very Low,,,,Very Low,No,No,No,No,No,No,Yes,No,,,,,,,,,,unknown,,,,,,,,,,,,,unknown,Unsure,Unsure,Unsure,None,None,None,,,,,,,,,,No,Yes,African,Eastern Sub-Saharan Africa,Low income,11530577,,,,
Cabo Verde,Yes,,,,,,,0,0,,,,,,,No Prevalence Data Available,Unknown,10,1.8,1,,0.0-1.99,,,,,,,Overall Only,Unknown,,,,Not Applicable,,,,,,,,Yes,,,,,,,,,,unknown,,,,,,,,,,,,,unknown,,,,,,,,,,,,,,,,,,African,Western Sub-Saharan Africa,Lower middle income,549936,,,,
Cambodia,No,,,,,,,0,0,,,,,,,,,,,,,,,,,,,,,,,,,,,,,,,,,,,,,,,,,,,,,,,,,,,,,,,,,,,,,,,,,,,,,,,,,,Western Pacific,Southeast Asia,Lower middle income,16486542,,,,
Cameroon,Yes,5,0,5.2 million, 1 in every 5.2 million people,0-25,,5,0,,,,,,,Only Overall,Unknown,,,,,,,,,,,,No incidence data,Unknown,,,,Not Applicable,,,,,,,,Yes,,,,,,,,,,unknown,,,,,,,,,,,,,unknown,,,,,,,,,,,,,,,,,,African,Western Sub-Saharan Africa,Lower middle income,25876387,,,,
Canada,Yes,90000,250,400,1 in every 400 people,>200,25,22500,67500,75,,5.4,,3.1 or higher,1,All prevalence data,Moderate,"4,377",12.2,365,That's 365 people diagnosed every month,10.0-35.0,,,,1.1,,,Overall and Pediatric,Moderate,43,44,46,Moderate,Yes,Yes,Yes,Yes,Yes,No,No,No,90,10,0,85,15,0,90,10,0,Moderate,90,10,,,90,10,0,0,90,10,0,0,Moderate,Unsure,Unsure,Unsure,No,Yes,,Yes,No,No,No,No,No,No,No,Yes,Yes,Yes,Americas,High-income North America,High income,37411038,,,,
Cayman Islands,No,,,,,,,0,0,,,,,,,,,,,,,,,,,,,,,,,,,,,,,,,,,,,,,,,,,,,,,,,,,,,,,,,,,,,,,,,,,,,,,,,,,,Americas,Caribbean,High income,64948,,,,
Central African Republic,Yes,,,,,,,0,0,,,,,,,No Prevalence Data Available,Unknown,,,,,,,,,,,,No incidence data,Very Low,,,,Not Applicable,,,,,,,,Yes,,,,,,,,,,unknown,,,,,,,,,,,,,unknown,Unsure,Unsure,Unsure,None,None,None,Yes,Yes,No,No,No,,Yes,No,No,Yes,Yes,African,Central Sub-Saharan Africa,Low income,4745179,,,,
Chad,No,,,,,,,0,0,,,,,,,,,,,,,,,,,,,,,,,,,,,,,,,,,,,,,,,,,,,,,,,,,,,,,,,,,,,,,,,,,,,,,,,,,,African,Western Sub-Saharan Africa,Low income,15946882,,,,
Channel Islands,No,,,,,,,0,0,,,,,,,,,,,,,,,,,,,,,,,,,,,,,,,,,,,,,,,,,,,,,,,,,,,,,,,,,,,,,,,,,,,,,,,,,,European,Western Europe,High income,172264,,,,
Chile,Yes,2653,14,"7,000","1 in every 7,000 people",0-25,28,742.84,1910.16,72,,,,,,Overall and Sex,Moderate,171,0.9,14,That's 14 people diagnosed every month,0.0-1.99,,,,,,,Only Overall,Low,29,,,Low,Yes,No,Yes,Yes,No,No,No,No,,,,,,,,,,unknown,90,8,2,0,,,,,,,,,Low,No,Yes,National Regulatory Authority,Yes,No,None,Yes,Yes,Yes,Yes,Yes,Yes,No,yes,Yes,Unsure,Yes,Americas,Southern Latin America,High income,18952035,,,,
China,Yes,42440,3,"34,000","1 in every 34,000 people",0-25,23,9761.2,32678.8,77,,0.2,0-14,Less than 1.0,2,All prevalence data,Moderate,"9,606",0.7,801,That's 801 people diagnosed every month,0.0-1.99,30,70,,0.2,0-14,,Overall and Sex,Low,33,47,46,Moderate,No,Yes,Yes,Yes,No,No,No,No,,,,,,,,,,unknown,87,8,2,3,,,,,,,,,Moderate,Yes,Yes,Both,None,None,None,Yes,No,Yes,Yes,Yes,No,No,yes,No,Unsure,,Western Pacific,East Asia,Upper middle income,1433783692,"Pediatric prevalence for 15-19 years is 0.28, Pediatric incidence rate is 0.41 for 15-19 years.",,,
Colombia,Yes,3462,7,"15,000","1 in every 15,000 people",0-25,25,865.5,2596.5,75,,,,,,Overall and Sex,Moderate,251,0.5,21,That's 21 people diagnosed every month,0.0-1.99,25,75,,,,,Overall and Sex,Very Low,30,45,43,Very Low,No,Yes,Yes,Yes,No,No,No,No,,,,,,,,,,unknown,,,,,,,,,,,,,unknown,Unsure,Unsure,Unsure,Yes,No,None,Yes,No,No,No,No,No,No,yes,No,Unsure,,Americas,Central Latin America,Upper middle income,50339443,,,,
Comoros,No,,,,,,,0,0,,,,,,,,,,,,,,,,,,,,,,,,,,,,,,,,,,,,,,,,,,,,,,,,,,,,,,,,,,,,,,,,,,,,,,,,,,African,Eastern Sub-Saharan Africa,Lower middle income,850891,,,,
"Congo, Democratic Republic of ",No,,,,,,,0,0,,,,,,,,,,,,,,,,,,,,,,,,,,,,,,,,,,,,,,,,,,,,,,,,,,,,,,,,,,,,,,,,,,,,,,,,,,African,Central Sub-Saharan Africa,Low income,86790568,,,,
"Congo, republic of",No,,,,,,,0,0,,,,,,,,,,,,,,,,,,,,,,,,,,,,,,,,,,,,,,,,,,,,,,,,,,,,,,,,,,,,,,,,,,,,,,,,,,African,Central Sub-Saharan Africa,Lower middle income,5380504,,,,
Cook Islands,No,,,,,,,0,0,,,,,,,,,,,,,,,,,,,,,,,,,,,,,,,,,,,,,,,,,,,,,,,,,,,,,,,,,,,,,,,,,,,,,,,,,,Western Pacific,Oceania,Upper middle income,17547,,,,
Costa Rica,No,,,,,,,0,0,,,,,,,,,,,,,,,,,,,,,,,,,,,,,,,,,,,,,,,,,,,,,,,,,,,,,,,,,,,,,,,,,,,,,,,,,,Americas,Central Latin America,Lower middle income,5047561,,,,
Cote d'lvoire,No,,,,,,,0,0,,,,,,,,,,,,,,,,,,,,,,,,,,,,,,,,,,,,,,,,,,,,,,,,,,,,,,,,,,,,,,,,,,,,,,,,,,African,Western Sub-Saharan Africa,Lower middle income,25716554,,,,
Croatia,Yes,6160,144,700,1 in every 700 people,101-200,29,1786.4,4373.6,71,37,,,3.1 or higher,1,All prevalence data,High,,,,,,,,37,,,,Only Pediatric,High,,,,Not Applicable,No,Yes,Yes,No,No,No,No,No,,,,,,,,,,unknown,,,,,,,,,,,,,unknown,Yes,Yes,Both,None,None,None,Yes,No,Yes,Yes,No,No,No,yes,No,Unsure,Yes,European,Central Europe,High income,4130299,,,,
Cuba,Yes,1600,15,"7,000","1 in every 7,000 people",0-25,,1600,0,,,,,,,Only Overall,Unknown,,,,,,,,,,,,No incidence data,Unknown,,,,Not Applicable,,,,,,,,Yes,,,,,,,,,,unknown,,,,,,,,,,,,,unknown,,,,,,,,,,,,,,,,Yes,Yes,Americas,Caribbean,Upper middle income,11333484,,,,
Curaçao,No,,,,,,,0,0,,,,,,,,,,,,,,,,,,,,,,,,,,,,,,,,,,,,,,,,,,,,,,,,,,,,,,,,,,,,,,,,,,,,,,,,,,Americas,Caribbean,High income,163423,,,,
Cyprus,Yes,1750,151,700,1 in every 700 people,101-200,40,700,1050,60,,,,,,Overall and Sex,Moderate,90,7.8,8,That's 8 people diagnosed every month,6.0-9.99,33,67,,,,,Overall and Sex,Low,38,39,37,Moderate,No,Yes,Yes,No,No,No,No,No,91,9,0,88,12,0,92,8,0,Moderate,75,9,16,0,,,,,,,,,Moderate,Yes,Yes,Both,Yes,No,2021 or later,No,Not Applicable,Not Applicable,Not Applicable,Not Applicable,Not Applicable,Not Applicable,Not Applicable,Not Applicable,Yes,,European,Western Europe,High income,1198574,,,,
Czech Republic,Yes,20000,187,500,1 in every 500 people,101-200,34,6800,13200,66,,,,,,Overall and Sex,Low,700,6.5,58,That's 58 people diagnosed every month,6.0-9.99,33,67,,,,,Overall and Sex,Moderate,,,,Not Applicable,,,,,,,,Yes,,,,,,,,,,unknown,60,20,20,0,60,20,20,0,60,20,20,0,Very Low,Unsure,Unsure,Unsure,Yes,No,None,Yes,No,No,No,No,No,No,No,Yes,Unsure,Yes,European,Central Europe,High income,10689213,,,,
Denmark,Yes,16300,282,400,1 in every 400 people,>200,31,5053,11247,69,50,,,3.1 or higher,0,All prevalence data,High,600,10.4,50,That's 50 people diagnosed every month,10.0-35.0,33,67,20,,,,All incidence data,Unknown,37,37,36,Not Applicable,No,Yes,Yes,No,Yes,No,No,No,85,15,0,,,,,,,Very Low,50,15,35,0,,,,,,,,,Very Low,Yes,No,Clinician,Yes,No,2019,,,,,,,,,,No,,European,Western Europe,High income,5771877,,,,
Djibouti,Yes,10,1,"97,000","1 in every 97,000 people",0-25,70,7,3,30,,,,,,Overall and Sex,Very Low,3,0.3,0,,0.0-1.99,33,67,,,,,Overall and Sex,Very Low,,,,Not Applicable,,,,,,,,Yes,70,30,0,100,0,0,70,30,0,unknown,,,,,,,,,,,,,unknown,Unsure,Unsure,Unsure,None,None,None,,,,,,,,,,,Yes,Eastern Mediterranean,Eastern Sub-Saharan Africa,Lower middle income,973557,,,,
Dominica,No,,,,,,,0,0,,,,,,,,,,,,,,,,,,,,,,,,,,,,,,,,,,,,,,,,,,,,,,,,,,,,,,,,,,,,,,,,,,,,,,,,,,Americas,Caribbean,Upper middle income,71808,,,,
Dominican Republic,Yes,280,3,"38,000","1 in every 38,000 people",0-25,20,56,224,80,3,,,Less than 1.0,1,All prevalence data,Moderate,3,0,0,,0.0-1.99,33,67,,,,,Overall and Sex,Moderate,30,35,32,Moderate,Yes,Yes,Yes,Yes,Yes,No,No,No,,,,,,,,,,unknown,70,10,20,0,,,,,,,,,Moderate,Yes,Yes,Both,Yes,Yes,2020,Yes,Yes,Yes,Yes,No,No,No,yes,No,No,Yes,Americas,Caribbean,Upper middle income,10738957,,,,
Ecuador,Yes,600,4,"29,000","1 in every 29,000 people",0-25,35,210,390,65,,1.8,,1.0 - 2.0,18,All prevalence data,Moderate,,,,,,,,,,,,No incidence data,Unknown,32,30,32,Moderate,Yes,Yes,Yes,Yes,Yes,No,No,No,71,5,24,,,,,,,Moderate,84,5,3,9,,,,,,,,,Moderate,Yes,No,Clinician,No,Yes,None,Yes,No,Yes,Yes,Yes,No,No,yes,No,Yes,,Americas,Andean Latin America,Upper middle income,17373657,,,,
Egypt,Yes,59671,59,"1,500","1 in every 1,500 people",51-100,25,14917.75,44753.25,75,,2.8,,2.1 - 3.0,2,All prevalence data,Moderate,"9,244",10,770,That's 770 people diagnosed every month,10.0-35.0,33,67,,0.5,,,All incidence data,High,27,,,Moderate,No,Yes,Yes,No,No,No,No,No,90,10,0,90,10,0,90,10,0,High,65,10,25,0,60,10,30,0,70,10,20,0,High,No,Yes,National Regulatory Authority,Yes,Yes,None,Yes,No,Yes,Yes,No,No,No,yes,No,Yes,,Eastern Mediterranean,North Africa and Middle East,Lower middle income,100388076,,,,
El Salvador,No,,,,,,,0,0,,,,,,,,,,,,,,,,,,,,,,,,,,,,,,,,,,,,,,,,,,,,,,,,,,,,,,,,,,,,,,,,,,,,,,,,,,Americas,Central Latin America,Lower middle income,6453550,,,,
Equatorial Guinea,No,,,,,,,0,0,,,,,,,,,,,,,,,,,,,,,,,,,,,,,,,,,,,,,,,,,,,,,,,,,,,,,,,,,,,,,,,,,,,,,,,,,,African,Central Sub-Saharan Africa,Upper middle income,1355982,,,,
Eritrea,No,,,,,,,0,0,,,,,,,,,,,,,,,,,,,,,,,,,,,,,,,,,,,,,,,,,,,,,,,,,,,,,,,,,,,,,,,,,,,,,,,,,,African,Eastern Sub-Saharan Africa,Low income,3497117,,,,
Estonia,Yes,1500,113,900,1 in every 900 people,101-200,,1500,0,,,,,,,Only Overall,Low,,,,,,,,,,,,No incidence data,Very Low,20,,,Not Applicable,,,,,,,,Yes,,,,,,,,,,unknown,,,,,,,,,,,,,unknown,Unsure,Unsure,Unsure,Unsure,Unsure,None,Yes,No,No,No,No,No,No,yes,No,Yes,,European,Eastern Europe,High income,1325649,,,,
Eswatini,No,,,,,,,0,0,,,,,,,,,,,,,,,,,,,,,,,,,,,,,,,,,,,,,,,,,,,,,,,,,,,,,,,,,,,,,,,,,,,,,,,,,,African,Southern Sub-Saharan Africa,Lower middle income,1148133,,,,
Ethiopia,Yes,15,0,7.5 million,1 in every 7.5 million people,0-25,,15,0,,,,,,,Only Overall,Unknown,,,,,,,,,,,,No incidence data,Unknown,,,,Not Applicable,,,,,,,,Yes,,,,,,,,,,unknown,,,,,,,,,,,,,unknown,,,,,,,,,,,,,,,,,,African,Eastern Sub-Saharan Africa,Low income,112078727,,,,
Fiji,No,,,,,,,0,0,,,,,,,,,,,,,,,,,,,,,,,,,,,,,,,,,,,,,,,,,,,,,,,,,,,,,,,,,,,,,,,,,,,,,,,,,,Western Pacific,Oceania,Upper middle income,889955,,,,
Finland,Yes,12080,218,500,1 in every 500 people,>200,29,3503.2,8576.8,71,40,,,3.1 or higher,0,All prevalence data,High,323,5.8,27,That's 27 people diagnosed every month,4.0-5.99,30,70,3,,,,All incidence data,Moderate,40,41,40,High,No,Yes,Yes,Yes,No,No,No,No,93,7,0,91,9,0,94,6,0,High,76,9,15,0,70,13,17,0,78,7,15,0,High,Yes,No,Clinician,Yes,Yes,None,Yes,No,No,No,No,No,No,No,Yes,No,,European,Western Europe,High income,5532159,,,,
France,Yes,100000,155,700,1 in every 700 people,101-200,29,29000,71000,71,136,,0-14 years,1.0 - 2.0,0,All prevalence data,High,"4,000",6.2,333,That's 333 people diagnosed every month,6.0-9.99,26,74,,,,,Overall and Sex,Moderate,,,,High,No,Yes,Yes,Yes,No,No,No,No,85,15,0,,,,,,,High,,,,,,,,,,,,,unknown,Yes,No,Clinician,No,Yes,2020,Yes,No,No,Yes,No,No,No,No,No,No,,European,Western Europe,High income,65129731,,,,
French Polynesia,No,,,,,,,0,0,,,,,,,,,,,,,,,,,,,,,,,,,,,,,,,,,,,,,,,,,,,,,,,,,,,,,,,,,,,,,,,,,,,,,,,,,,Western Pacific,Oceania,High income,279285,,,,
Gabon,No,,,,,,,0,0,,,,,,,,,,,,,,,,,,,,,,,,,,,,,,,,,,,,,,,,,,,,,,,,,,,,,,,,,,,,,,,,,,,,,,,,,,African,Central Sub-Saharan Africa,Upper middle income,2172578,,,,
"Gambia,The",No,,,,,,,0,0,,,,,,,,,,,,,,,,,,,,,,,,,,,,,,,,,,,,,,,,,,,,,,,,,,,,,,,,,,,,,,,,,,,,,,,,,,African,Western Sub-Saharan Africa,Low income,2347696,,,,
Georgia,Yes,1200,30,"3,500","1 in every 3,500 people",26-50,30,360,840,70,14,0.3,,Less than 1.0,1,All prevalence data,Moderate,120,3,10,That's 10 people diagnosed every month,2.0-3.99,30,70,6,,,,All incidence data,Very Low,26,28,25,Very Low,No,Yes,Yes,No,No,No,No,No,80,20,0,80,20,0,85,15,0,Very Low,60,15,25,0,60,15,25,0,65,15,20,0,Very Low,Yes,Yes,Both,None,None,Yes but unknown when,Yes,No,Yes,No,No,No,No,No,No,Yes,Yes,European,Central Asia,Upper middle income,3996762,,,,
Germany,Yes,252000,303,300,1 in every 300 people,>200,28,70560,181440,72,"1,991",,0-19 years,3.1 or higher,1,All prevalence data,Moderate,"14,600",17.6,"1,217","That's 1,217 people diagnosed every month",10.0-35.0,,,,,,,Only Overall,High,33,,,High,No,Yes,Yes,No,No,No,No,No,94,6,0,,,,,,,High,77,17,6,0,,,,,,,,,High,No,No,None,Yes,No,2020,Yes,No,Yes,Yes,Yes,No,No,yes,No,Unsure,,European,Western Europe,High income,83517046,,,,
Ghana,Yes,152,1,"200,000","1 in every 200,000 people",0-25,,152,0,,,,,,,Only Overall,Low,,,,,,,,,,,,No incidence data,Very Low,,,,Very Low,Yes,Yes,Yes,No,No,No,No,No,,,,,,,,,,unknown,,,,,,,,,,,,,unknown,Yes,No,Clinician,None,None,Yes but unknown when,No,Not Applicable,Not Applicable,Not Applicable,Not Applicable,Not Applicable,Not Applicable,Not Applicable,Not Applicable,Unsure,,African,Western Sub-Saharan Africa,Lower middle income,30417858,,,,
Gibraltar,No,,,,,,,0,0,,,,,,,,,,,,,,,,,,,,,,,,,,,,,,,,,,,,,,,,,,,,,,,,,,,,,,,,,,,,,,,,,,,,,,,,,,European,Western Europe,High income,33706,,,,
Greece,Yes,13000,124,800,1 in every 800 people,101-200,31,4030,8970,69,,,,,,Overall and Sex,Low,600,5.7,50,That's 50 people diagnosed every month,4.0-5.99,31,69,,,,,Overall and Sex,Very Low,,,,Very Low,No,No,No,No,No,Yes,No,No,85,15,0,85,15,0,85,15,0,Very Low,60,15,25,0,60,15,25,0,60,15,25,0,Very Low,Yes,Yes,Both,Unsure,Unsure,None,Yes,Yes,Yes,No,Yes,Yes,Yes,yes,No,Unsure,Yes,European,Western Europe,High income,10473452,,,,
Grenada,No,,,,,,,0,0,,,,,,,,,,,,,,,,,,,,,,,,,,,,,,,,,,,,,,,,,,,,,,,,,,,,,,,,,,,,,,,,,,,,,,,,,,Americas,Caribbean,Upper middle income,112002,,,,
Guam,No,,,,,,,0,0,,,,,,,,,,,,,,,,,,,,,,,,,,,,,,,,,,,,,,,,,,,,,,,,,,,,,,,,,,,,,,,,,,,,,,,,,,Western Pacific,Oceania,High income,167295,,,,
Guatemala,Yes,600,3,"29,000","1 in every 29,000 people",0-25,33,198,402,67,,,,,,Overall and Sex,Very Low,50,0.3,4,That's 4 people diagnosed every month,0.0-1.99,,,,,,,Only Overall,Very Low,,,,Not Applicable,No,No,No,No,No,No,Yes,No,95,5,0,95,5,0,95,5,0,Very Low,,,,,,,,,,,,,unknown,Yes,No,Clinician,None,None,None,No,Not Applicable,Not Applicable,Not Applicable,Not Applicable,Not Applicable,Not Applicable,Not Applicable,Not Applicable,No,,Americas,Central Latin America,Upper middle income,17581476,,,,
Guinea,No,,,,,,,0,0,,,,,,,,,,,,,,,,,,,,,,,,,,,,,,,,,,,,,,,,,,,,,,,,,,,,,,,,,,,,,,,,,,,,,,,,,,African,Western Sub-Saharan Africa,Low income,12771246,,,,
Guinea-Bissau,No,,,,,,,0,0,,,,,,,,,,,,,,,,,,,,,,,,,,,,,,,,,,,,,,,,,,,,,,,,,,,,,,,,,,,,,,,,,,,,,,,,,,African,Western Sub-Saharan Africa,Low income,1920917,,,,
Guyana,No,,,,,,,0,0,,,,,,,,,,,,,,,,,,,,,,,,,,,,,,,,,,,,,,,,,,,,,,,,,,,,,,,,,,,,,,,,,,,,,,,,,,Americas,Caribbean,Upper middle income,782775,,,,
Haiti,Yes,10,0,1.1 million,1 in every 1.1 million people,0-25,40,4,6,60,,0.1,,Less than 1.0,60,All prevalence Data,Low,,,,,,,,,,,,No incidence data,Unknown,32,,,Not Applicable,Yes,Yes,Yes,No,Yes,No,No,No,78,22,0,,,,,,,unknown,,,,,,,,,,,,,unknown,Unsure,Unsure,Unsure,No,No,None,,,,,,,,,,No,Yes,Americas,Caribbean,Low income,11263079,,,,
Honduras,Yes,473,5,"21,000","1 in every 21,000 people",0-25,15,70.95,402.05,85,,,,,,Overall and Sex,Moderate,7,0.1,1,,0.0-1.99,43,57,,,,,Overall and Sex,Low,32,,,High ,Yes,Yes,Yes,No,No,No,No,No,85,5,10,,,,,,,High,,,,,,,,,,,,,unknown,Unsure,Unsure,Unsure,No,Yes,2020,Yes,No,No,No,No,No,No,yes,No,Yes,Yes,Americas,Central Latin America,Lower middle income,9746115,,,,
Hong Kong ,Yes,52,1,"143,000","1 in every 143,000 people",0-25,30,15.6,36.4,70,,,,,,Overall and Sex,Low,5,0.1,0,,0.0-1.99,20,80,,,,,Overall and Sex,Low,30,32,28,,Yes,Yes,Yes,No,No,No,No,No,95,5,0,,,,,,,Low,80,5,15,0,,,,,,,,,Low,Yes,Yes,Both,None,None,None,Yes,Yes,Yes,No,No,No,No,yes,No,Unsure,,Western Pacific,East Asia,High income,7436157,,,,
Hungary,Yes,8697,90,"1,000","1 in every 1,000 people",51-100,,8697,0,,,,,,,Only Overall,Moderate,,,,,,,,,,,,No incidence data,Unknown,,,,Not Applicable,,,,,,,,Yes,,,,,,,,,,unknown,,,,,,,,,,,,,unknown,,,,,,,,,,,,,,,,,,European,Central Europe,High income,9684680,,,,
Iceland,Yes,720,212,500,1 in every 500 people,>200,27,194.4,525.6,73,1,,0-14 years,1.0 - 2.0,0,All prevalence data,Moderate,25,7.8,2,That's 2 people diagnosed every month,6.0-9.99,28,72,2,,0-14 years,,All incidence data,Moderate,36,36,35,Moderate,No,Yes,Yes,No,No,No,No,No,,,,,,,,,,unknown,93,6,1,0,,,,,,,,,unknown,Yes,Yes,Both,None,None,None,,,,,,,,,,No,,European,Western Europe,High income,339037,,,,
India,Yes,145800,11,"9,500","1 in every 9,500 people",0-25,37,53946,91854,63,"3,900",,0-14 years,Less than 1.0,3,All prevalence data,Low,"6,500",0.5,542,That's 542 people diagnosed every month,0.0-1.99,40,60,,,,,Overall and Sex,Low,30,32,29,Moderate,No,No,Yes,No,No,No,No,No,68,15,17,63,38,0,71,20,9,Moderate,,,,,,,,,,,,,unknown,Yes,No,Clinician,No,Yes,Yes but unknown when,Yes,Yes,No,No,No,No,No,No,No,Unsure,,South-East Asia,South Asia,Lower middle income,1366417756,,,,
Indonesia,Yes,160,0,1.7 million,1 in every 1.7 million people,0-25,20,32,128,80,,,,,,Overall and Sex,Low,55,0,5,That's 5 people diagnosed every month,0.0-1.99,20,80,,,,,Overall and Sex,Low,35,30,36,Low,No,Yes,Yes,No,No,No,No,No,98,2,0,93,7,0,100,0,0,Low,78,0,22,0,71,0,29,0,79,21,0,0,Low,No,No,None,No,Yes,None,Yes,No,Yes,Yes,No,No,No,No,No,Yes,,South-East Asia,Southeast Asia,Lower middle income,270625567,,,,
"Iran, Islamic Republic of",Yes,75000,90,"1,000","1 in every 1,000 people",51-100,26,19500,55500,74,,,,,,Overall and Sex,Moderate,205,6.1,17,That's 17 people diagnosed every month,6.0-9.99,25,75,,,,,Overall and Sex,Moderate,32,33,32,Moderate,Yes,Yes,Yes,Yes,Yes,No,No,No,,,,,,,,,,unknown,,,,,,,,,,,,,unknown,Yes,Yes,Both,None,None,2019,,,,,,,,,,Yes,,Eastern Mediterranean,North Africa and Middle East,Upper middle income,82913893,,,,
Iraq,Yes,4355,12,"9,000","1 in every 9,000 people",0-25,31,1350.05,3004.95,69,174,0.5,,Less than 1.0,4,All prevalence data,High,577,1.5,48,That's 48 people diagnosed every month,0.0-1.99,31,69,,0.4,,,All incidence data,High,32,,,High,No,Yes,Yes,Yes,No,No,No,No,90,2,8,,,,,,,High,90,2,2,5,,,,,,,,,High,Yes,Yes,Both,Unsure,Unsure,Yes but unknown when,Yes,No,Yes,Yes,Yes,No,No,yes,No,Yes,Yes,Eastern Mediterranean,North Africa and Middle East,Upper middle income,39309789,,,,
Ireland,Yes,9000,193,500,1 in every 500 people,101-200,25,2250,6750,75,,,,,,Overall and Sex,Unknown,279,6,23,That's 23 people diagnosed every month,6.0-9.99,28,72,,,,,Overall and Sex,High,37,,,High,No,No,No,No,No,No,Yes,No,90,10,0,,,,,,,High,,,,,,,,,,,,,unknown,Yes,Yes,Both,None,None,None,,,,,,,,,,Unsure,Yes,European,Western Europe,High income,4882498,,,,
Isle of Man,No,,,,,,,0,0,,,,,,,,,,,,,,,,,,,,,,,,,,,,,,,,,,,,,,,,,,,,,,,,,,,,,,,,,,,,,,,,,,,,,,,,,,European,Western Europe,High income,84589,,,,
Israel,Yes,12861,151,700,1 in every 700 people,101-200,32,4115.52,8745.48,68,88,,,3.1 or higher,1,All prevalence data,Moderate,808,9.5,67,That's 67 people diagnosed every month,6.0-9.99,32,68,24,,,,All incidence data,Moderate,39,39,39,Moderate,No,Yes,Yes,Yes,No,No,No,No,,,,,,,,,,unknown,,,,,,,,,,,,,unknown,Yes,No,Clinician,None,None,None,Yes,Yes,Yes,Yes,No,No,No,No,No,No,,European,Western Europe,High income,8519373,,,,
Italy,Yes,127317,208,500,1 in every 500 people,>200,33,42014.61,85302.39,67,"8,500",,,3.1 or higher,7,All prevalence data,High,"3,400",5.5,283,That's 283 people diagnosed every month,4.0-5.99,33,67,,,,,Overall and Sex,High,30,,,High,No,No,No,No,No,No,Yes,No,90,10,0,,,,,,,Very Low,60,10,30,0,,,,,,,,,Very Low,Yes,Yes,Both,Yes,No,None,Yes,No,No,No,No,No,No,No,Yes,No,,European,Western Europe,High income,60550092,,,,
Jamaica,No,,,,,,,0,0,,,,,,,,,,,,,,,,,,,,,,,,,,,,,,,,,,,,,,,,,,,,,,,,,,,,,,,,,,,,,,,,,,,,,,,,,,Americas,Caribbean,Upper middle income,2948277,,,,
Japan,Yes,5712,4,"22,000","1 in every 22,000 people",0-25,29,1656.48,4055.52,71,,0.7,0-14 years,Less than 1.0,2,All prevalence data,Moderate,,,,,,,,,,,,No incidence data,Unknown,,,,Not Applicable,No,Yes,Yes,Yes,Yes,No,No,No,,,,,,,,,,unknown,,,,,,,,,,,,,unknown,Unsure,Unsure,Unsure,None,None,Yes but unknown when,Yes,No,No,No,No,No,No,yes,Yes,No,Yes,Western Pacific,High-income Asia Pacific,High income,126860299,,,,
Jordan,No,,,,,,,0,0,,,,,,,,,,,,,,,,,,,,,,,,,,,,,,,,,,,,,,,,,,,,,,,,,,,,,,,,,,,,,,,,,,,,,,,,,,Eastern Mediterranean,North Africa and Middle East,Upper middle income,10101697,,,,
Kazakhstan,No,,,,,,,0,0,,,,,,,,,,,,,,,,,,,,,,,,,,,,,,,,,,,,,,,,,,,,,,,,,,,,,,,,,,,,,,,,,,,,,,,,,,European,Central Asia,Upper middle income,18551428,,,,
Kenya,Yes,150,0,"350,000","1 in every 350,000 people",0-25,17,25.5,124.5,83,,,,,,Overall and Sex,Moderate,5,0,0,,0.0-1.99,,,,,,,Only Overall,Moderate,28,,,Not Applicable,Yes,Yes,Yes,No,Yes,No,No,No,50,50,0,,,,,,,unknown,,,,,,,,,,,,,unknown,Unsure,Unsure,Unsure,None,None,2020,Yes,No,Yes,Yes,Yes,No,No,No,Yes,Yes,,African,Eastern Sub-Saharan Africa,Lower middle income,52573967,,,,
Kiribati,No,,,,,,,0,0,,,,,,,,,,,,,,,,,,,,,,,,,,,,,,,,,,,,,,,,,,,,,,,,,,,,,,,,,,,,,,,,,,,,,,,,,,Western Pacific,Oceania,Lower middle income,117608,,,,
"Korea, Democratic People's Republic of ",No,,,,,,,0,0,,,,,,,,,,,,,,,,,,,,,,,,,,,,,,,,,,,,,,,,,,,,,,,,,,,,,,,,,,,,,,,,,,,,,,,,,,South-East Asia,East Asia,Low income,25666158,,,,
"Korea, Republic of ",No,,,,,,,0,0,,,,,,,,,,,,,,,,,,,,,,,,,,,,,,,,,,,,,,,,,,,,,,,,,,,,,,,,,,,,,,,,,,,,,,,,,,Western Pacific,High-income Asia Pacific,High income,51225321,,,,
Kosovo,Yes,950,53,"2,000","1 in every 2,000 people",51-100,30,285,665,70,,,,,,Overall and Sex,Low,16,1,1,,0.0-1.99,31,69,,,,,Overall and Sex,Unknown,32,36,30,,No,Yes,Yes,Yes,Yes,No,No,No,,,,,,,,,,unknown,72,5,23,0,,,,,,,,,unknown,Yes,No,Clinician,Yes,No,None,Yes,No,Yes,Yes,Yes,No,No,yes,No,Unsure,,European,Central Europe,Upper middle income,1845300,,,,
Kuwait,Yes,4339,105,"1,000","1 in every 1,000 people",101-200,46,1995.94,2343.06,54,,6,,3.1 or higher,1,All prevalence data,High,265,6.4,22,That's 22 people diagnosed every month,6.0-9.99,56,44,,2.1,,,All incidence data,High,29,,,Moderate,No,Yes,Yes,No,No,No,No,No,97,3,0,92,8,0,99,1,0,Moderate,78,7,15,0,72,10,18,0,81,4,15,0,Moderate,Yes,No,Clinician,Yes,No,None,Yes,Yes,Yes,No,Yes,No,No,yes,No,Yes,Yes,Eastern Mediterranean,North Africa and Middle East,High income,4207077,,,,
Kyrgyzstan,Yes,353,6,"18,000","1 in every 18,000 people",0-25,25,88.25,264.75,75,,,,,,Overall and Sex,Very Low,,,,,,25,75,,,,,Only Sex,Very Low,35,37,33,Very Low,No,No,No,No,No,No,Yes,No,,,,,,,,,,unknown,,,,,,,,,,,,,unknown,Unsure,Unsure,Unsure,None,None,Yes but unknown when,Yes,Yes,Yes,Yes,No,No,Yes,No,No,Unsure,,European,Central Asia,Lower middle income,6415851,,,,
"Lao, People's Democratic Republic of",Yes,5,0,1.4 million,1 in every 1.4 million people,0-25,0,0,5,100,1,0.4,,Less than 1.0,20,All prevalence data,Low,1,0,0,,0.0-1.99,0,100,1,,,,All incidence data,Very Low,28,,28,Very Low,No,Yes,Yes,No,No,No,No,No,80,20,0,50,50,0,80,20,0,Very Low,60,20,20,0,,,,,60,20,20,0,Very Low,Yes,Yes,Both,None,None,None,Yes,Yes,No,No,No,Yes,Yes,No,No,No,Yes,Western Pacific,Southeast Asia,Lower middle income,7169456,,,,
Latvia,Yes,2035,107,900,1 in every 900 people,101-200,33,671.55,1363.45,67,,,,,,Overall and Sex,Low,83,4.4,7,That's 7 people diagnosed every month,4.0-5.99,48,52,,,,,Overall and Sex,Low,,,,Not Applicable,Yes,Yes,Yes,Yes,No,No,No,No,96,4,0,,,,,,,Very Low,56,4,40,0,,,,,,,,,Very Low,Yes,Yes,Both,Yes,No,,No,Not Applicable,Not Applicable,Not Applicable,Not Applicable,Not Applicable,Not Applicable,Not Applicable,Not Applicable,No,,European,Eastern Europe,High income,1906740,,,,
Lebanon,Yes,2437,63,"1,500","1 in every 1,500 people",51-100,33,804.21,1632.79,67,28,2.2,,2.1 - 3.0,1,All prevalence data,High,324,8.4,27,That's 27 people diagnosed every month,6.0-9.99,34,66,,1.4,,,All incidence data,High,35,34,35,High,No,Yes,Yes,Yes,No,No,No,No,,,,,,,,,,unknown,,,,,,,,,,,,,unknown,Yes,Yes,Both,None,None,2020,No,Not Applicable,Not Applicable,Not Applicable,Not Applicable,Not Applicable,Not Applicable,Not Applicable,Not Applicable,No,,Eastern Mediterranean,North Africa and Middle East,Upper middle income,3874000,Population of Lebanon including refugees is 6855709,,,
Lesotho,No,,,,,,,0,0,,,,,,,,,,,,,,,,,,,,,,,,,,,,,,,,,,,,,,,,,,,,,,,,,,,,,,,,,,,,,,,,,,,,,,,,,,African,Southern Sub-Saharan Africa,Lower middle income,2125267,,,,
Liberia,No,,,,,,,0,0,,,,,,,,,,,,,,,,,,,,,,,,,,,,,,,,,,,,,,,,,,,,,,,,,,,,,,,,,,,,,,,,,,,,,,,,,,African,Western Sub-Saharan Africa,Low income,4937374,,,,
Libya,Yes,950,15,"7,000","1 in every 7,000 people",0-25,33,313.5,636.5,67,,,,,,Overall and Sex,Moderate,15,0.2,1,,0.0-1.99,33,67,,,,,Overall and Sex,Moderate,39,,,Not Applicable,No,Yes,Yes,Yes,No,No,No,No,85,15,0,,,,,,,unknown,85,15,0,0,,,,,,,,,unknown,Yes,Yes,Both,None,None,Yes but unknown when,Yes,Yes,Yes,Yes,Yes,No,No,yes,No,Yes,,Eastern Mediterranean,North Africa and Middle East,Upper middle income,6777453,,,,
Liechtenstein,No,,,,,,,0,0,,,,,,,,,,,,,,,,,,,,,,,,,,,,,,,,,,,,,,,,,,,,,,,,,,,,,,,,,,,,,,,,,,,,,,,,,,European,Western Europe,High income,38020,,,,
Lithuania,Yes,2900,104,"1,000","1 in every 1,000 people",101-200,31,899,2001,69,15,,,2.1 - 3.0,1,All prevalence data,High,343,12.4,29,That's 29 people diagnosed every month,10.0-35.0,33,67,4,,,,All incidence data,Moderate,30,32,30,,Yes,Yes,Yes,Yes,Yes,No,No,No,95,5,0,90,10,0,95,5,0,Very Low,80,5,15,0,75,5,20,0,80,2,18,0,Very Low,Yes,Yes,Both,Yes,No,2021 or later,Yes,No,Yes,Yes,No,No,Yes,yes,No,Yes,,European,Eastern Europe,High income,2759631,,,,
Luxembourg,Yes,,,,,,,0,0,,,,,,,No Prevalence Data Available,Unknown,,,,,,,,,,,,No incidence data,Very Low,,,,Not Applicable,No,No,No,No,No,No,Yes,No,,,,,,,,,,unknown,,,,,,,,,,,,,unknown,Yes,No,Clinician,None,None,None,Yes,No,No,No,No,No,No,No,Yes,Unsure,Yes,European,Western Europe,High income,615730,,,,
Macao SAR,No,,,,,,,0,0,,,,,,,,,,,,,,,,,,,,,,,,,,,,,,,,,,,,,,,,,,,,,,,,,,,,,,,,,,,,,,,,,,,,,,,,,,South-East Asia,East Asia,High income,640446,,,,
Madagascar,No,,,,,,,0,0,,,,,,,,,,,,,,,,,,,,,,,,,,,,,,,,,,,,,,,,,,,,,,,,,,,,,,,,,,,,,,,,,,,,,,,,,,African,Eastern Sub-Saharan Africa,Low income,26969306,,,,
Malawi,Yes,,,,,,,0,0,,,,,,,No Prevalence Data Available,Unknown,,,,,,,,,,,,No incidence data,Very Low,,,,Not Applicable,No,No,No,No,No,Yes,No,No,,,,,,,,,,unknown,,,,,,,,,,,,,unknown,No,No,None,None,None,None,,,,,,,,,,Unsure,Yes,African,Eastern Sub-Saharan Africa,Low income,18628749,,,,
Malaysia,Yes,913,3,"35,000","1 in every 35,000 people",0-25,17,155.21,757.79,83,182,0.1,,Less than 1.0,20,All prevalence data,High,176,0.3,15,That's 15 people diagnosed every month,0.0-1.99,17,83,20,0.1,,,All incidence data,High,29,29,29,High,Yes,Yes,Yes,Yes,No,Yes,No,No,90,10,0,90,10,0,95,5,0,High,80,5,15,0,70,10,20,0,80,5,15,0,High,No,Yes,National Regulatory Authority,Yes,No,None,Yes,No,Yes,Yes,Yes,No,No,yes,Yes,No,Yes,Western Pacific,Southeast Asia,Upper middle income,31949789,,,,
Maldives,No,,,,,,,0,0,,,,,,,,,,,,,,,,,,,,,,,,,,,,,,,,,,,,,,,,,,,,,,,,,,,,,,,,,,,,,,,,,,,,,,,,,,South-East Asia,Southeast Asia,Upper middle income,530957,,,,
Mali,No,,,,,,,0,0,,,,,,,,,,,,,,,,,,,,,,,,,,,,,,,,,,,,,,,,,,,,,,,,,,,,,,,,,,,,,,,,,,,,,,,,,,African,Western Sub-Saharan Africa,Low income,19658023,,,,
Malta,Yes,400,91,"1,000","1 in every 1,000 people",51-100,,400,0,,,,,,,Only Overall,Low,,,,,,,,,,,,No incidence data,Very Low,,,,Not Applicable,No,Yes,Yes,No,No,No,No,No,,,,,,,,,,unknown,,,,,,,,,,,,,unknown,No,Yes,National Regulatory Authority,No,Yes,None,,,,,,,,,,,,European,Western Europe,High income,440377,,,,
Marshall Islands,No,,,,,,,0,0,,,,,,,,,,,,,,,,,,,,,,,,,,,,,,,,,,,,,,,,,,,,,,,,,,,,,,,,,,,,,,,,,,,,,,,,,,Western Pacific,Oceania,Upper middle income,58791,,,,
Mauritania,No,,,,,,,0,0,,,,,,,,,,,,,,,,,,,,,,,,,,,,,,,,,,,,,,,,,,,,,,,,,,,,,,,,,,,,,,,,,,,,,,,,,,African,Western Sub-Saharan Africa,Lower middle income,4525698,,,,
Mauritius,No,,,,,,,0,0,,,,,,,,,,,,,,,,,,,,,,,,,,,,,,,,,,,,,,,,,,,,,,,,,,,,,,,,,,,,,,,,,,,,,,,,,,African,Southeast Asia,Upper middle income,1269670,,,,
Mexico,Yes,18000,15,"7,000","1 in every 7,000 people",0-25,20,3600,14400,80,,,,,,Overall and Sex,Moderate,70,0.1,6,That's 6 people diagnosed every month,0.0-1.99,30,70,,,,,Overall and Sex,Moderate,28,25,22,Very Low,Yes,Yes,Yes,No,No,No,No,No,90,10,0,80,20,0,90,10,0,Very Low,70,10,20,0,80,10,10,0,90,5,5,0,Very Low,No,No,None,Yes,Yes,None,Yes,Yes,Yes,Yes,No,No,No,yes,No,No,,Americas,Central Latin America,Upper middle income,127575529,,,,
"Micronesia, Federated States of",No,,,,,,,0,0,,,,,,,,,,,,,,,,,,,,,,,,,,,,,,,,,,,,,,,,,,,,,,,,,,,,,,,,,,,,,,,,,,,,,,,,,,Western Pacific,Oceania,Lower middle income,113811,,,,
"Moldova, Republic of ",Yes,1348,33,"3,000","1 in every 3,000 people",26-50,,1348,0,,,,,,,Only Overall,High,,,,,,,,,,,,No incidence data,Very Low,,,,Not Applicable,,,,,,,,Yes,,,,,,,,,,unknown,,,,,,,,,,,,,unknown,Yes,No,Clinician,None,None,None,,,,,,,,,,,,European,Eastern Europe,Lower middle income,4043258,,,,
Monaco,No,,,,,,,0,0,,,,,,,,,,,,,,,,,,,,,,,,,,,,,,,,,,,,,,,,,,,,,,,,,,,,,,,,,,,,,,,,,,,,,,,,,,European,Western Europe,High income,38967,,,,
Mongolia,No,,,,,,,0,0,,,,,,,,,,,,,,,,,,,,,,,,,,,,,,,,,,,,,,,,,,,,,,,,,,,,,,,,,,,,,,,,,,,,,,,,,,Western Pacific,Central Asia,Lower middle income,3225166,,,,
Montenegro,Yes,700,111,900,1 in every 900 people,101-200,29,203,497,71,4,,,2.1 - 3.0,1,All prevalence data,Low,30,4.8,3,That's 3 people diagnosed every month,4.0-5.99,30,70,,0.5,,,All incidence data,Low ,31,,,Low,No,Yes,Yes,Yes,No,No,No,No,93,7,0,,,,,,,Very Low,68,7,25,0,,,,,,,,,Low,Yes,Yes,Both,None,None,None,Yes,No,No,No,No,No,No,No,Yes,Yes,,European,Central Europe,Upper middle income,627988,,,,
Morocco,Yes,7294,20,"5,000","1 in every 5,000 people",0-25,40,2917.6,4376.4,60,,,,,,Overall and Sex,Unknown,,,,,,33,67,4,,,,Sex and Pediatric,Very Low,35,30,25,Very Low,No,No,No,No,Yes,No,No,No,40,30,30,30,40,30,40,20,40,Very Low,20,10,5,65,10,5,5,80,10,10,5,75,Very Low,Yes,Yes,Both,None,None,Yes but unknown when,Yes,No,No,No,Yes,Yes,No,No,No,Unsure,,Eastern Mediterranean,North Africa and Middle East,Lower middle income,36471766,,,,
Mozambique,No,,,,,,,0,0,,,,,,,,,,,,,,,,,,,,,,,,,,,,,,,,,,,,,,,,,,,,,,,,,,,,,,,,,,,,,,,,,,,,,,,,,,African,Eastern Sub-Saharan Africa,Low income,30366043,,,,
Myanmar,Yes,,,,,,17,0,0,83,0,,,Less than 1.0,,Only Sex and Pediatric,Unknown,6,0,1,,0.0-1.99,17,83,0,,,,All incidence data,Moderate,32,40,31,Moderate,No,Yes,Yes,No,No,No,No,No,100,0,0,100,0,0,100,0,0,Moderate,100,0,0,0,100,0,0,0,100,0,0,0,Moderate,Yes,Yes,Both,None,None,None,Yes,No,Yes,Yes,No,No,No,No,No,Yes,,South-East Asia,Southeast Asia,Lower middle income,54045422,,,,
Namibia,Yes,25,2,"100,000","1 in every 100,000 people",0-25,17,4.25,20.75,83,1,,,Less than 1.0,4,All prevalence data,Low,2,0.1,0,,0.0-1.99,33,67,1,,,,All incidence data,Very Low,38,,,Very Low,No,No,No,No,No,No,Yes,No,70,30,0,80,20,0,90,10,0,Very Low,80,15,5,0,60,30,10,0,80,15,5,0,Very Low,,,,None,None,,Yes,No,Yes,No,No,No,No,No,No,,,African,Southern Sub-Saharan Africa,Upper middle income,2494524,,,,
Nauru,No,,,,,,,0,0,,,,,,,,,,,,,,,,,,,,,,,,,,,,,,,,,,,,,,,,,,,,,,,,,,,,,,,,,,,,,,,,,,,,,,,,,,Western Pacific,Oceania,Upper middle income,10764,,,,
Nepal,Yes,,,,,,,0,0,,,,,,,No Prevalence Data Available,Unknown,,,,,,,,,,,,No incidence data,Unknown,,,,Not Applicable,,,,,,,,Yes,,,,,,,,,,unknown,,,,,,,,,,,,,unknown,Unsure,Unsure,Unsure,None,None,None,,,,,,,,,,,,South-East Asia,South Asia,Low income,28608715,,,,
Netherlands,Yes,25646,150,700,1 in every 700 people,101-200,25,6411.5,19234.5,75,50,0.3,,Less than 1.0,0,All prevalence data,Moderate,"1,528",9,127,That's 127 people diagnosed every month,6.0-9.99,,,,0.3,,,Overall and Pediatric,Low,,,,Not Applicable,,,,,,,,Yes,,,,,,,,,,unknown,,,,,,,,,,,,,unknown,,,,Yes,No,None,,,,,,,,,,Yes,,European,Western Europe,High income,17097123,NB  Prevlance and Incidence data have been obtained from two different sources/studies and are not directly comparible to each other,,,
New Caledonia,No,,,,,,,0,0,,,,,,,,,,,,,,,,,,,,,,,,,,,,,,,,,,,,,,,,,,,,,,,,,,,,,,,,,,,,,,,,,,,,,,,,,,Western Pacific,Oceania,High income,282757,,,,
New Zealand,Yes,2994,72,"1,500","1 in every 1,500 people",51-100,25,748.5,2245.5,75,,,,,,Overall and Sex,Moderate,136,3.3,11,That's 11 people diagnosed every month,10.0-35.0,25,75,,,,,Overall and Sex,Low,42,,,Low,Yes,Yes,Yes,Yes,Yes,No,No,No,88,12,0,,,,,,,unknown,,,,,,,,,,,,,unknown,No,No,None,No,Yes,2020,No,Not Applicable,Not Applicable,Not Applicable,Not Applicable,Not Applicable,Not Applicable,Not Applicable,Not Applicable,No,,Western Pacific,Ausralasia,High income,4783062,,,,
Nicaragua,Yes,86,1,"76,000","1 in every 76,000 people",0-25,25,21.5,64.5,75,,0,,Less than 1.0,2,All prevalence data,High,8,0.1,1,,0.0-1.99,25,75,,0,,,All incidence data,Very Low,32,,,High,No,Yes,Yes,No,No,No,No,No,95,5,0,85,15,0,90,10,0,High,95,0,5,0,,,,,,,,,High,No,No,None,None,None,None,Yes,No,No,Yes,No,No,No,yes,No,No,,Americas,Central Latin America,Lower middle income,6545503,,,,
Niger,Yes,2,0,11.7 million,1 in every 11.7 million people,0-25,50,1,1,50,,,,,,Overall and Sex,Moderate,,,,,,,,,,,,No incidence data,Unknown,33,,,Moderate,No,No,No,No,No,No,Yes,No,,,,,,,,,,unknown,,,,,,,,,,,,,unknown,Unsure,Unsure,Unsure,None,None,None,Yes,No,No,No,No,No,No,No,Yes,No,,African,Western Sub-Saharan Africa,Low income,23310719,,,,
Nigeria,Yes,10048,1,"20,000","1 in every 20,000 people",0-25,40,4019.2,6028.8,60,,,,,,Overall and Sex,Unknown,,,,,,,,,,,,No incidence data,Unknown,,,,Not Applicable,,,,,,,,Yes,,,,,,,,,,unknown,,,,,,,,,,,,,unknown,,,,,,,,,,,,,,,,,,African,Western Sub-Saharan Africa,Lower middle income,200963603,,,,
Niue,No,,,,,,,0,0,,,,,,,,,,,,,,,,,,,,,,,,,,,,,,,,,,,,,,,,,,,,,,,,,,,,,,,,,,,,,,,,,,,,,,,,,,Western Pacific,Oceania,Low income,1614,,,,
North Macedonia,Yes,1552,82,"1,500","1 in every 1,500 people",51-100,34,527.68,1024.32,66,12,,,2.1 - 3.0,1,All prevalence data,Low,82,3.9,7,That's 7 people diagnosed every month,2.0-3.99,,,,,,,Only Overall,Unknown,,,,Not Applicable,,,,,,,,Yes,,,,,,,,,,unknown,,,,,,,,,,,,,unknown,,,,None,None,,,,,,,,,,,,,European,Central Europe,Upper middle income,2083458,,,,
Northern Mariana Islands,No,,,,,,,0,0,,,,,,,,,,,,,,,,,,,,,,,,,,,,,,,,,,,,,,,,,,,,,,,,,,,,,,,,,,,,,,,,,,,,,,,,,,Western Pacific,Oceania,High income,57213,,,,
Norway,No,,,,,,,0,0,,,,,,,,,,,,,,,,,,,,,,,,,,,,,,,,,,,,,,,,,,,,,,,,,,,,,,,,,,,,,,,,,,,,,,,,,,European,Western Europe,High income,5378859,,,,
Oman,Yes,791,16,"6,500","1 in every 6,500 people",0-25,33,261.03,529.97,67,,,,,,Overall and Sex,Low,69,1.4,6,That's 6 people diagnosed every month,0.0-1.99,,,,,,,Only Overall,Moderate,27,36,36,Moderate,No,Yes,Yes,No,No,No,No,No,,,,,,,,,,unknown,,,,,,,,,,,,,unknown,Yes,No,Clinician,No,Yes,Yes but unknown when,Yes,No,No,Yes,No,No,No,No,No,Unsure,,Eastern Mediterranean,North Africa and Middle East,High income,4974992,,,,
Pakistan,Yes,10000,5,"22,000","1 in every 22,000 people",0-25,,10000,0,,,,,,,Only Overall,Moderate,,,,,,,,,,,,No incidence data,Unknown,29,,,Not Applicable,No,Yes,Yes,No,No,No,No,No,85,15,0,,,,,,,unknown,,,,,,,,,,,,,unknown,Yes,No,Clinician,Yes,No,2021 or later,Yes,Yes,Yes,Yes,Yes,No,No,yes,No,No,,Eastern Mediterranean,South Asia,Lower middle income,216565317,,,,
Palau,No,,,,,,,0,0,,,,,,,,,,,,,,,,,,,,,,,,,,,,,,,,,,,,,,,,,,,,,,,,,,,,,,,,,,,,,,,,,,,,,,,,,,Western Pacific,Oceania,High income,18001,,,,
Palestinian Authority,Yes,2349,48,"2,000","1 in every 2,000 people",26-50,24,563.76,1785.24,76,,,,,,Overall and Sex,Moderate,145,5.8,12,That's 12 people diagnosed every month,4.0-5.99,,,,,,,Only Overall,Low,30,,,Low,No,Yes,Yes,No,No,No,No,No,,,,,,,,,,unknown,80,5,15,0,,,,,,,,,Low,Yes,No,Clinician,Unsure,Unsure,None,Yes,No,Yes,Yes,No,No,No,yes,No,Unsure,,Eastern Mediterranean,Western Europe,Lower middle income,4981422,,,,
Panama,Yes,488,9,"8,500","1 in every 8,500 people",0-25,33,161.04,326.96,67,,,,,,Overall and Sex,High,25,0.6,2,That's 2 people diagnosed every month,0.0-1.99,,,,,,,Only Overall,High,34,31,,High,Yes,Yes,Yes,Yes,No,Yes,No,No,77,23,0,,,,,,,High,,,,,,,,,,,,,unknown,Yes,No,Clinician,Yes,No,Yes but unknown when,Yes,No,Yes,Yes,Yes,No,No,yes,No,Yes,,Americas,Central Latin America,High income,4246440,,,,
Papua New Guinea,No,,,,,,,0,0,,,,,,,,,,,,,,,,,,,,,,,,,,,,,,,,,,,,,,,,,,,,,,,,,,,,,,,,,,,,,,,,,,,,,,,,,,Western Pacific,Oceania,Lower middle income,8776119,,,,
Paraguay,Yes,616,9,"11,000","1 in every 11,000 people",0-25,36,221.76,394.24,64,71,1,,1.0 - 2.0,12,All prevalence data,Moderate,41,0.6,3,That's 3 people diagnosed every month,0.0-1.99,39,61,4,,,,All incidence data,Moderate,,,,Not Applicable,Yes,Yes,Yes,Yes,Yes,No,No,No,98,2,0,98,2,0,98,2,0,Moderate,72,2,26,0,72,2,26,0,72,2,26,0,Moderate,Yes,Yes,Both,Yes,No,Yes but unknown when,Yes,No,Yes,Yes,Yes,No,No,yes,No,No,,Americas,Tropical Latin America,Upper middle income,7044639,,,,
Peru,Yes,2118,8,"15,000","1 in every 15,000 people",0-25,35,741.3,1376.7,65,6,,0-14 years,Less than 1.0,0,All prevalence data,Low,,,,,,,,,,,,No incidence data,Unknown,36,,,Moderate,No,No,No,No,No,No,Yes,No,85,15,0,,,,,,,Moderate,65,10,25,0,,,,,,,,,Moderate,Yes,Yes,Both,None,None,Yes but unknown when,Yes,No,No,No,No,No,No,No,Yes,No,,Americas,Andean Latin America,Upper middle income,32510462,,,,
Philippines,No,,,,,,,0,0,,,,,,,,,,,,,,,,,,,,,,,,,,,,,,,,,,,,,,,,,,,,,,,,,,,,,,,,,,,,,,,,,,,,,,,,,,Western Pacific,Southeast Asia,Lower middle income,108116622,,,,
Poland,Yes,46000,120,800,1 in every 800 people,101-200,29,13340,32660,71,,,,,,Overall and Sex,High,"1,725",4.5,144,That's 144 people diagnosed every month,4.0-5.99,28,72,,,,,Overall and Sex,High,,,,Not Applicable,Yes,Yes,Yes,Yes,No,No,No,No,91,9,0,91,9,0,91,9,0,High,67,10,23,0,,,,,,,,,High,Yes,Yes,Both,Yes,No,2020,Yes,No,Yes,No,Yes,No,No,yes,No,No,,European,Central Europe,High income,37887771,,,,
Portugal,Yes,5787,56,"2,000","1 in every 2,000 people",51-100,,5787,0,,50,,,2.1 - 3.0,1,Overall and Pediatric,Low,318,3.1,27,That's 27 people diagnosed every month,2.0-3.99,21,79,,,,,Overall and Sex,Low,36,,,High,,,,,,,,Yes,,,,,,,,,,unknown,71,21,8,0,,,,,,,,,High,Yes,No,Clinician,None,None,2021 or later,Yes,No,Yes,Yes,No,No,No,No,No,Yes,,European,Western Europe,High income,10226178,,,,
Puerto Rico,Yes,2387,71,"1,000","1 in every 1,000 people",51-100,25,596.75,1790.25,75,24,,,3.1 or higher,1,All prevalence data,Moderate,186,5.5,15,That's 15 people diagnosed every month,4.0-5.99,27,73,,,,,Overall and Sex,Moderate,34,,,Moderate,No,Yes,Yes,Yes,No,No,No,No,,,,,,,,,,unknown,85,2,13,0,,,,,,,,,Very Low,Yes,Yes,Both,No,Yes,None,Yes,No,No,No,No,No,No,No,Yes,No,,Americas,Caribbean,High income,2933404,,,,
Qatar,Yes,294,98,"1,000","1 in every 1,000 people",51-100,,294,0,,,,,,,Only Overall,Moderate,,,,,,,,,,,,No incidence data,Unknown,27,,,Moderate,No,No,No,No,No,No,Yes,No,,,,,,,,,,unknown,,,,,,,,,,,,,unknown,Yes,No,Clinician,None,None,None,Yes,Yes,No,No,No,No,Yes,yes,No,Yes,,Eastern Mediterranean,North Africa and Middle East,High income,330000,Population of Qatar including expatriots is 2832071,,,
Romania,Yes,8000,35,"2,500","1 in every 2,500 people",26-50,,8000,0,,40,0.1,,Less than 1.0,1,Overall and Pediatric,Moderate,300,1.5,25,That's 25 people diagnosed every month,0.0-1.99,,,5,0,,,Overall and Pediatric,Moderate,25,,,Moderate,No,Yes,Yes,No,No,No,No,No,95,5,0,,,,,,,Moderate,75,5,20,0,,,,,,,,,Moderate,Yes,Yes,Both,Yes,No,None,Yes,No,Yes,Yes,Yes,No,No,yes,No,Yes,,European,Central Europe,Upper middle income,19364558,,,,
Russian Federation,Yes,78914,55,"2,000","1 in every 2,000 people",51-100,33,26041.62,52872.38,67,,,,,,Overall and Sex,Moderate,"2,870",2,239,That's 239 people diagnosed every month,2.0-3.99,,,,,,,Only Overall,Unknown,,,,Not Applicable,,,,,,,,Yes,92,8,0,,,,,,,unknown,,,,,,,,,,,,,unknown,,,,,,,,,,,,,,,,,,European,Eastern Europe,Upper middle income,145872260,,,,
Rwanda,No,,,,,,,0,0,,,,,,,,,,,,,,,,,,,,,,,,,,,,,,,,,,,,,,,,,,,,,,,,,,,,,,,,,,,,,,,,,,,,,,,,,,African,Eastern Sub-Saharan Africa,Low income,12626938,,,,
Saint Kitts and Nevis,No,,,,,,,0,0,,,,,,,,,,,,,,,,,,,,,,,,,,,,,,,,,,,,,,,,,,,,,,,,,,,,,,,,,,,,,,,,,,,,,,,,,,Americas,Caribbean,High income,52834,,,,
Saint Lucia,No,,,,,,,0,0,,,,,,,,,,,,,,,,,,,,,,,,,,,,,,,,,,,,,,,,,,,,,,,,,,,,,,,,,,,,,,,,,,,,,,,,,,Americas,Caribbean,Upper middle income,182795,,,,
Saint Vincent and the Grenadines,No,,,,,,,0,0,,,,,,,,,,,,,,,,,,,,,,,,,,,,,,,,,,,,,,,,,,,,,,,,,,,,,,,,,,,,,,,,,,,,,,,,,,Americas,Caribbean,Upper middle income,110593,,,,
Samoa,No,,,,,,,0,0,,,,,,,,,,,,,,,,,,,,,,,,,,,,,,,,,,,,,,,,,,,,,,,,,,,,,,,,,,,,,,,,,,,,,,,,,,Western Pacific,Oceania,Upper middle income,197093,,,,
San Marino,Yes,114,337,300,1 in every 300 people,>200,32,36.48,77.52,68,0,,,Less than 1.0,0,All prevalence data,High,3,7.7,0,,6.0-9.99,33,67,0,,,,All incidence data,Moderate,50,50,49,Moderate,Yes,Yes,Yes,Yes,No,No,No,No,,,,,,,,,,unknown,66,15,18,2,,,,,,,,,Low,Unsure,Unsure,Unsure,Yes,No,None,Yes,Yes,Yes,No,No,No,No,No,No,No,,European,Western Europe,High income,33864,,,,
Sao Tome and Principe,No,,,,,,,0,0,,,,,,,,,,,,,,,,,,,,,,,,,,,,,,,,,,,,,,,,,,,,,,,,,,,,,,,,,,,,,,,,,,,,,,,,,,African,Western Sub-Saharan Africa,Lower middle income,215048,,,,
Saudi Arabia,Yes,13120,41,"2,500","1 in every 2,500 people",26-50,33,4329.6,8790.4,67,,,,,,Overall and Sex,High,,,,,,,,,,,,No incidence data,Unknown,28,,,Moderate,No,Yes,Yes,No,No,No,No,No,,,,,,,,,,unknown,,,,,,,,,,,,,unknown,Yes,Yes,Both,Yes,No,Yes but unknown when,Yes,No,No,Yes,No,No,No,No,No,Yes,,Eastern Mediterranean,North Africa and Middle East,High income,34268529,,,,
Senegal,No,,,,,,,0,0,,,,,,,,,,,,,,,,,,,,,,,,,,,,,,,,,,,,,,,,,,,,,,,,,,,,,,,,,,,,,,,,,,,,,,,,,,African,Western Sub-Saharan Africa,Lower middle income,16296362,,,,
Serbia,Yes,11972,136,600,1 in every 600 people,101-200,33,3950.76,8021.24,67,,,,,,Overall and Sex,Moderate,300,3.4,25,That's 25 people diagnosed every month,2.0-3.99,33,67,,,,,Overall and Sex,Low,30,,,Low,No,Yes,Yes,No,No,No,No,No,87,13,0,,,,,,,Low,60,27,13,0,,,,,,,,,Low,Yes,Yes,Both,No,Yes,2020,Yes,No,Yes,Yes,Yes,No,No,yes,No,No,,European,Central Europe,Upper middle income,6926928,,,,
Seychelles,No,,,,,,,0,0,,,,,,,,,,,,,,,,,,,,,,,,,,,,,,,,,,,,,,,,,,,,,,,,,,,,,,,,,,,,,,,,,,,,,,,,,,African,Southeast Asia,High income,97741,,,,
Sierra Leone,No,,,,,,,0,0,,,,,,,,,,,,,,,,,,,,,,,,,,,,,,,,,,,,,,,,,,,,,,,,,,,,,,,,,,,,,,,,,,,,,,,,,,African,Western Sub-Saharan Africa,Low income,7813207,,,,
Singapore,Yes,314,5,"18,000","1 in every 18,000 people",0-25,24,75.36,238.64,76,7,1.5,,1.0 - 2.0,2,All prevalence data,Moderate,23,0.4,2,That's 2 people diagnosed every month,0.0-1.99,17,83,,,,,Overall and Sex,Moderate,31,34,31,Moderate,Yes,Yes,Yes,No,No,Yes,No,No,94,6,0,92,8,0,95,5,0,Moderate,88,6,6,0,82,8,10,0,91,5,4,0,Moderate,Yes,No,Clinician,None,None,None,Yes,No,No,No,Yes,No,No,yes,No,Yes,,Western Pacific,High-income Asia Pacific,High income,5804343,,,,
Sint Maarten (Dutch part),No,,,,,,,0,0,,,,,,,,,,,,,,,,,,,,,,,,,,,,,,,,,,,,,,,,,,,,,,,,,,,,,,,,,,,,,,,,,,,,,,,,,,Americas,Caribbean,High income,42389,,,,
Slovakia,No,,,,,,,0,0,,,,,,,,,,,,,,,,,,,,,,,,,,,,,,,,,,,,,,,,,,,,,,,,,,,,,,,,,,,,,,,,,,,,,,,,,,European,Central Europe,High income,5457012,,,,
Slovenia,Yes,3157,152,700,1 in every 700 people,101-200,,3157,0,,,,,,,Only Overall,Low,,,,,,,,,,,,No incidence data,Unknown,,,,Not Applicable,,,,,,,,Yes,,,,,,,,,,unknown,,,,,,,,,,,,,unknown,,,,,,,,,,,,,,,,,,European,Central Europe,High income,2078654,,,,
Solomon Islands,No,,,,,,,0,0,,,,,,,,,,,,,,,,,,,,,,,,,,,,,,,,,,,,,,,,,,,,,,,,,,,,,,,,,,,,,,,,,,,,,,,,,,Western Pacific,Oceania,Lower middle income,669821,,,,
Somalia,No,,,,,,,0,0,,,,,,,,,,,,,,,,,,,,,,,,,,,,,,,,,,,,,,,,,,,,,,,,,,,,,,,,,,,,,,,,,,,,,,,,,,Eastern Mediterranean,Eastern Sub-Saharan Africa,Low income,15442906,,,,
South Africa,Yes,4685,8,"12,000","1 in every 12,000 people",0-25,,4685,0,,,,,,,Only Overall,Unknown,,,,,,,,,,,,No incidence data,Unknown,,,,Not Applicable,,,,,,,,Yes,,,,,,,,,,unknown,,,,,,,,,,,,,unknown,,,,,,,,,,,,,,,,,,African,Southern Sub-Saharan Africa,Upper middle income,58558267,,,,
South Sudan,No,,,,,,,0,0,,,,,,,,,,,,,,,,,,,,,,,,,,,,,,,,,,,,,,,,,,,,,,,,,,,,,,,,,,,,,,,,,,,,,,,,,,African,Eastern Sub-Saharan Africa,Low income,11062114,,,,
Spain,Yes,55000,120,800,1 in every 800 people,101-200,25,13750,41250,75,,,,,,Overall and Sex,Low,"1,900",4.2,158,That's 158 people diagnosed every month,4.0-5.99,,,,,,,Only Overall,Very Low,32,,,High,,,,,,,,Yes,,,,,,,,,,unknown,,,,,,,,,,,,,unknown,Yes,Yes,Both,No,Yes,None,,,,,,,,,,Yes,,European,Western Europe,High income,46736782,,,,
Sri Lanka,Yes,2000,9,"11,000","1 in every 11,000 people",0-25,25,500,1500,75,,,,,,Overall and Sex,Moderate,100,0.5,8,That's 8 people diagnosed every month,0.0-1.99,30,70,,,,,Overall and Sex,Low,29,35,25,,Yes,Yes,Yes,No,No,No,No,No,85,15,0,70,30,0,85,15,0,unknown,75,15,10,0,60,25,15,0,80,10,10,0,unknown,Yes,Yes,Both,No,Yes,2021 or later,Yes,No,Yes,Yes,Yes,No,No,yes,No,Yes,,South-East Asia,Southeast Asia,Upper middle income,21323734,,,,
St Martin (French part),No,,,,,,,0,0,,,,,,,,,,,,,,,,,,,,,,,,,,,,,,,,,,,,,,,,,,,,,,,,,,,,,,,,,,,,,,,,,,,,,,,,,,Americas,Caribbean,High income,38002,,,,
Sudan,Yes,100,0,"428,000","1 in every 428,000 people",0-25,14,14,86,86,15,,,Less than 1.0,15,All prevalence data,Moderate,20,0,2,That's 2 people diagnosed every month,0.0-1.99,35,65,10,,,,All incidence data,Moderate,20,30,20,Moderate,Yes,Yes,Yes,Yes,No,No,No,No,65,35,0,65,35,0,75,25,0,Moderate,65,10,25,0,65,10,25,0,75,10,15,0,Moderate,Yes,Yes,Both,Yes,Yes,Yes but unknown when,Yes,No,Yes,Yes,Yes,Yes,Yes,yes,No,Yes,,Eastern Mediterranean,Eastern Sub-Saharan Africa,Lower middle income,42813237,,,,
Suriname,No,,,,,,,0,0,,,,,,,,,,,,,,,,,,,,,,,,,,,,,,,,,,,,,,,,,,,,,,,,,,,,,,,,,,,,,,,,,,,,,,,,,,Americas,Caribbean,Upper middle income,581363,,,,
Sweden,Yes,21700,218,500,1 in every 500 people,>200,30,6510,15190,70,34,,,1.0 - 2.0,0,All prevalence data,Moderate,870,8.7,73,That's 73 people diagnosed every month,6.0-9.99,32,68,20,1,,,All incidence data,Moderate,38,39,38,Moderate,No,Yes,Yes,Yes,No,Yes,No,No,69,7,24,65,10,25,71,5,24,Moderate,,,,,,,,,,,,,unknown,Yes,Yes,Both,Yes,No,Yes but unknown when,Yes,No,No,No,No,No,No,yes,Yes,No,,European,Western Europe,High income,10036391,,,,data on disease course at diagnosis updated 25-9-20
Switzerland,Yes,15200,180,600,1 in every 600 people,101-200,26,3952,11248,74,,,,,,Overall and Sex,High,,,,,,,,,,,,No incidence data,Unknown,37,39,36,Moderate,No,Yes,Yes,No,No,No,No,No,89,11,0,82,18,0,91,9,0,Moderate,72,11,17,0,59,18,23,0,77,9,14,0,Moderate,Unsure,Unsure,Unsure,Yes,No,None,Yes,No,Yes,Yes,Yes,No,No,yes,No,No,,European,Western Europe,High income,8591361,,,,
Syrian Arab Republic,Yes,7591,40,"2,000","1 in every 2,000 people",26-50,30,2277.3,5313.7,70,189,,,2.1 - 3.0,2,All prevalence data,Unknown,426,2.2,36,That's 36 people diagnosed every month,2.0-3.99,,,,,,,Only Overall,Unknown,27,,,Not Applicable,,,,,,,,Yes,88,9,3,,,,,,,unknown,57,9,31,3,,,,,,,,,unknown,,,,,,,,,,,,,,,,,,Eastern Mediterranean,North Africa and Middle East,Low income,17070132,,,,
Taiwan ,Yes,1131,5,"21,000","1 in every 21,000 people",0-25,21,237.51,893.49,79,,,,,,Overall and Sex,Moderate,28,0.1,2,That's 2 people diagnosed every month,0.0-1.99,21,79,,0.1,0-19 years,,All incidence data,Low,,,,Not Applicable,No,No,Yes,No,No,No,No,No,95,5,0,,,,,,,unknown,75,5,20,0,,,,,,,,,Very Low,Yes,No,Clinician,None,None,None,Yes,No,Yes,Yes,Yes,No,No,No,No,Yes,,Western Pacific,East Asia,High income,23773881,,,,
Tajikistan,No,,,,,,,0,0,,,,,,,,,,,,,,,,,,,,,,,,,,,,,,,,,,,,,,,,,,,,,,,,,,,,,,,,,,,,,,,,,,,,,,,,,,European,Central Asia,Low income,9321023,,,,
"Tanzania, United Republic of ",No,,,,,,,0,0,,,,,,,,,,,,,,,,,,,,,,,,,,,,,,,,,,,,,,,,,,,,,,,,,,,,,,,,,,,,,,,,,,,,,,,,,,African,Eastern Sub-Saharan Africa,Low income,58005461,,,,
Thailand,Yes,1000,2,"70,000","1 in every 70,000 people",0-25,23,230,770,77,,,,,,Overall and Sex,High,40,0.1,3,That's 3 people diagnosed every month,0.0-1.99,33,67,,,,,Overall and Sex,Low,28,,,High,No,Yes,Yes,No,No,No,No,No,80,3,17,80,20,0,88,12,0,unknown,80,3,17,0,70,10,20,0,80,5,15,0,unknown,Yes,No,Clinician,None,None,None,Yes,No,Yes,No,No,No,No,yes,No,Unsure,,South-East Asia,Southeast Asia,Upper middle income,69625581,,,,
Timor-Leste,yes,,,,,,,0,0,,,,,,,,Unknown,,,,,,,,,,,,No incidence data,Unknown,,,,Not Applicable,,,,,,,,Yes,,,,,,,,,,unknown,,,,,,,,,,,,,unknown,,,,,,,,,,,,,,,,,,South-East Asia,Southeast Asia,Lower middle income,1293120,,,,
Togo,Yes,,,,,,,0,0,,,,,,,No Prevalence Data Available,Unknown,,,,,,,,,,,,No incidence data,Low,,,,Not Applicable,No,No,No,No,No,No,Yes,No,,,,,,,,,,unknown,,,,,,,,,,,,,unknown,Unsure,Unsure,Unsure,None,None,None,No,Not Applicable,Not Applicable,Not Applicable,Not Applicable,Not Applicable,Not Applicable,Not Applicable,Not Applicable,Unsure,,African,Western Sub-Saharan Africa,Low income,8082359,,,,
Tonga,No,,,,,,,0,0,,,,,,,,,,,,,,,,,,,,,,,,,,,,,,,,,,,,,,,,,,,,,,,,,,,,,,,,,,,,,,,,,,,,,,,,,,Western Pacific,Oceania,Upper middle income,104497,,,,
Trinidad and Tobago,No,,,,,,,0,0,,,,,,,,,,,,,,,,,,,,,,,,,,,,,,,,,,,,,,,,,,,,,,,,,,,,,,,,,,,,,,,,,,,,,,,,,,Americas,Caribbean,High income,1394969,,,,
Tunisia,Yes,2351,20,"5,000","1 in every 5,000 people",0-25,33,775.83,1575.17,67,50,,,1.0 - 2.0,2,All prevalence data,Moderate,149,1.3,12,That's 12 people diagnosed every month,0.0-1.99,,,,0.1,,,Overall and Pediatric,High,,,,Not Applicable,No,Yes,No,No,No,No,No,No,91,9,0,,,,,,,High,76,9,15,0,,,,,,,,,High,Yes,Yes,Both,None,None,None,Yes,No,Yes,No,No,No,No,yes,No,Unsure,,Eastern Mediterranean,North Africa and Middle East,Lower middle income,11694721,,,,
Turkey,Yes,58401,70,"1,500","1 in every 1,500 people",51-100,33,19272.33,39128.67,67,,,,,,Overall and Sex,Low,,,,,,,,,,,,No incidence data,Unknown,29,,,Very Low,No,Yes,Yes,No,No,No,No,No,,,,,,,,,,unknown,,,,,,,,,,,,,unknown,Yes,Yes,Both,None,None,None,,,,,,,,,,Yes,,European,North Africa and Middle East,Upper middle income,83429607,,,,
Turkmenistan,No,,,,,,,0,0,,,,,,,,,,,,,,,,,,,,,,,,,,,,,,,,,,,,,,,,,,,,,,,,,,,,,,,,,,,,,,,,,,,,,,,,,,European,Central Asia,Upper middle income,5942094,,,,
Turks and Caicos Islands,No,,,,,,,0,0,,,,,,,,,,,,,,,,,,,,,,,,,,,,,,,,,,,,,,,,,,,,,,,,,,,,,,,,,,,,,,,,,,,,,,,,,,Americas,Caribbean,High income,38194,,,,
Tuvalu,No,,,,,,,0,0,,,,,,,,,,,,,,,,,,,,,,,,,,,,,,,,,,,,,,,,,,,,,,,,,,,,,,,,,,,,,,,,,,,,,,,,,,Western Pacific,Oceania,Upper middle income,11655,,,,
Uganda,No,,,,,,,0,0,,,,,,,,,,,,,,,,,,,,,,,,,,,,,,,,,,,,,,,,,,,,,,,,,,,,,,,,,,,,,,,,,,,,,,,,,,African,Eastern Sub-Saharan Africa,Low income,44269587,,,,
Ukraine,Yes,20924,48,"2,000","1 in every 2,000 people",26-50,33,6904.92,14019.08,67,,,,,,Overall and Sex,Low,"1,626",3.7,136,That's 136 people diagnosed every month,2.0-3.99,37,63,,,,,Overall and Sex,Low,,,,Not Applicable,Yes,Yes,Yes,Yes,No,No,No,No,90,10,0,65,35,0,65,35,0,Very Low,55,18,27,0,54,21,25,0,56,14,30,0,Very Low,Yes,Yes,Both,No,Yes,2020,Yes,No,No,No,No,No,No,No,Yes,Unsure,,European,Eastern Europe,Lower middle income,43993643,,,,
United Arab Emirates,Yes,684,7,"14,000","1 in every 14,000 people",0-25,58,396.72,287.28,42,34,0.5,12-18 years,Less than 1.0,5,All prevalence data,High,400,4.1,33,That's 33 people diagnosed every month,4.0-5.99,38,62,,,,,Overall and Sex,High,28,23,20,High,Yes,Yes,Yes,No,No,No,No,No,92,8,0,90,10,0,95,5,0,High,60,10,30,0,60,10,30,0,70,10,20,0,High,Yes,Yes,Both,Yes,Yes,2020,Yes,Yes,Yes,Yes,Yes,No,Yes,yes,No,Yes,,Eastern Mediterranean,North Africa and Middle East,High income,9770526,,,,
United Kingdom,Yes,131720,196,500,1 in every 500 people,101-200,27,35564.4,96155.6,73,"7,700",17.3,,3.1 or higher,6,All prevalence data,Moderate,"6,738",10,562,That's 562 people diagnosed every month,10.0-35.0,29,71,343,0.7,,,All incidence data,Moderate,33,37,30,Moderate,Yes,Yes,Yes,No,No,No,No,No,89,11,0,85,15,0,95,5,0,Moderate,45,11,44,0,35,15,50,0,53,5,42,0,Moderate,Yes,No,Clinician,Yes,No,2019,Yes,Yes,Yes,Yes,Yes,No,No,yes,No,Yes,,European,Western Europe,High income,67530161,"NB pediatric prevalence data is based on the number whose onset wasa before the age of 18, not the current prevalence amongst children (which may well be substantially lower) but this data is ",,,
United States of America,Yes,913925,288,400,1 in every 400 people,>200,26,237620.5,676304.5,74,"4,000",,,3.1 or higher,0,All prevalence data,High,"24,924",7.9,"2,077","That's 2,077 people diagnosed every month",6.0-9.99,30,70,370,,,,All incidence data,Moderate,36,37,35,High,Yes,Yes,Yes,Yes,No,No,No,No,85,15,0,,,,,,,High,77,10,13,0,,,,,,,,,High,No,Yes,National Regulatory Authority,Yes,Yes,Yes but unknown when,Yes,No,No,Yes,Yes,No,No,No,No,Yes,,Americas,High-income North America,High income,329064917,,,,
Uruguay,Yes,659,21,"5,500","1 in every 5,500 people",0-25,32,210.88,448.12,68,,1.2,,1.0 - 2.0,2,All prevalence data,Low,40,1.2,3,That's 3 people diagnosed every month,0.0-1.99,,,,,,,Only Overall,Moderate,37,,,Low,No,Yes,Yes,No,No,No,No,No,81,19,0,,,,,,,Moderate,,,,,,,,,,,,,unknown,Yes,No,Clinician,None,None,Yes but unknown when,Yes,No,No,No,No,No,No,No,Yes,Yes,,Americas,Southern Latin America,High income,3461731,,,,
Uzbekistan,No,,,,,,,0,0,,,,,,,,,,,,,,,,,,,,,,,,,,,,,,,,,,,,,,,,,,,,,,,,,,,,,,,,,,,,,,,,,,,,,,,,,,European,Central Asia,Lower middle income,32981715,,,,
Vanuatu,No,,,,,,,0,0,,,,,,,,,,,,,,,,,,,,,,,,,,,,,,,,,,,,,,,,,,,,,,,,,,,,,,,,,,,,,,,,,,,,,,,,,,Western Pacific,Oceania,Lower middle income,299882,,,,
Venezuela,Yes,2114,7,"13,000","1 in every 13,000 people",0-25,27,570.78,1543.22,73,,,,,,Overall and Sex,Moderate,,,,,,,,,,,,No incidence data,Unknown,,,,Not Applicable,No,No,No,No,No,No,Yes,No,94,6,0,,,,,,,Very Low,,,,,,,,,,,,,unknown,Unsure,Unsure,Unsure,Yes,No,None,Yes,No,No,No,No,No,No,No,Yes,Unsure,,Americas,Central Latin America,Upper middle income,28515829,,,,
Vietnam,No,,,,,,,0,0,,,,,,,,,,,,,,,,,,,,,,,,,,,,,,,,,,,,,,,,,,,,,,,,,,,,,,,,,,,,,,,,,,,,,,,,,,Western Pacific,Southeast Asia,Lower middle income,96462108,,,,
Virgin Islands,No,,,,,,,0,0,,,,,,,,,,,,,,,,,,,,,,,,,,,,,,,,,,,,,,,,,,,,,,,,,,,,,,,,,,,,,,,,,,,,,,,,,,Americas,Caribbean,High income,104579,,,,
Yemen,Yes,50,0,"583,000","1 in every 583,000 people",0-25,20,10,40,80,8,,,Less than 1.0,16,All prevalence data,Unknown,,,,,,,,,,,,No incidence data,Unknown,35,,,Not Applicable,,,,,,,,Yes,,,,,,,,,,unknown,,,,,,,,,,,,,unknown,,,,,,,,,,,,,,,,,,Eastern Mediterranean,North Africa and Middle East,Low income,29161922,,,,
Zambia,Yes,20,0,"893,000","1 in every 893,000 people",0-25,40,8,12,60,,,,,,Overall and Sex,Moderate,12,0.1,1,,0.0-1.99,33,67,,,,,Overall and Sex,Moderate,35,33,36,Moderate,Yes,Yes,Yes,Yes,No,No,No,No,100,0,0,100,0,0,100,0,0,Moderate,75,0,25,0,75,0,25,0,75,0,25,0,Moderate,Yes,No,Clinician,Yes,No,Yes but unknown when,Yes,No,Yes,Yes,Yes,No,No,No,No,Unsure,,African,Eastern Sub-Saharan Africa,Lower middle income,17861034,,,,
Zimbabwe,No,,,,,,,0,0,,,,,,,,,,,,,,,,,,,,,,,,,,,,,,,,,,,,,,,,,,,,,,,,,,,,,,,,,,,,,,,,,,,,,,,,,,African,Southern Sub-Saharan Africa,Lower middle income,14645473,,,,
Greenland,No,,,,,,,0,0,,,,,,,,,,,,,,,,,,,,,,,,,,,,,,,,,,,,,,,,,,,,,,,,,,,,,,,,,,,,,,,,,,,,,,,,,,European,,High income,,,,,
,,,,,,,,0,0,,,,,,,,,,,,,,,,,,,,,,,,,,,,,,,,,,,,,,,,,,,,,,,,,,,,,,,,,,,,,,,,,,,,,,,,,,,,,,,,,
Global,,2770107,36,"3,000","1 in every 3,000 people",,31,858733.17,1911373.83,69,"30,263",,,,,,,,,,,,,,2048,,,,,,,,,,,,,,,,,,,,,,,,,,,,,,,,,,,,,,,,,,,,,,,,,,,,,,,,,,,,,7713468205,,,,
Number of Countries Completing Question,115,104,104,,,104,91,9.36,94.64,91,38,20,8,47,47,,106,75,75,,,75,59,59,19,15,,,,,72,36,36,71,89,89,89,89,89,89,89,89,65,65,65,32,32,32,32,32,32,65,57,57,57,57,25,25,25,25,26,26,26,26,57,98,98,98,102,102,98,82,73,73,73,73,73,73,73,73,93,22,,,,,,,,
Countries with completed surveys ,115,2656926,41,"2,500","1 in every 2,500 people",,31,823647.06,1833278.94,69,"27,565",2.8,,,1.5,,,"107,343",2.1,"8,945","That's 8,945 people diagnosed every month",,30,70,874,0.4,,,,,32,35,33,,35,78,80,37,15,8,16,23,85,12,3,82,16,2,87,10,3,,72,9,17,2,66,11,19,5,72,9,16,4,,66,43,,37,21,40,89,26,60,53,38,8,11,56,26,38,,,,,6717622860,Population of countries providing data for the Atlas Epidemiology module,"6,717,622,860",87%,
High Income Countries,46,1981694,174,600,1 in every 600 people,,30,594508.2,1387185.8,70,"22,757",12.3,,,1.3,,,"73,399",7.7,"6,117","That's 6,117 people diagnosed every month",,30,70,823,0.7,,,,,34,37,35,,37,79,84,42,13,11,13,17,89,10,1,86,12,2,91,7,2,,73,10,18,0,66,12,21,0,74,9,17,0,,72,44,,52,23,41,89,29,50,47,38,6,12,53,35,40,,,,,1210655401,Total global population in this income band. Includes populations of countries who have not provided data,"1,141,660,508",94%,New data for Sweden added for MS type at diagnosis 25-9-2020 and High Income recalculated
Upper Middle Income Countries,34,406265,15,"6,500","1 in every 6,500 people",,30,121879.5,284385.5,70,645,1.1,,,2,,,"15,727",0.7,"1,311","That's 1,311 people diagnosed every month",,31,69,36,0.2,,,,,31,34,32,,34,83,83,48,17,7,17,15,83,10,6,83,14,3,88,8,3,,73,9,15,3,68,13,17,3,77,7,15,0,,76,57,,35,16,41,88,19,81,62,48,5,0,76,19,38,,,,,2701047878,Total global population in this income band. Includes populations of countries who have not provided data,"2,635,246,355",98%,
Lower Middle Income Countries,25,261299,11,"12,000","1 in every 12,000 people",,28,73163.72,188135.28,72,"3,966",0.9,,,2.4,,,"17,791",0.9,"1,483","That's 1,483 people diagnosed every month",,29,71,15,0.9,,,,,31,33,30,,35,82,82,18,12,0,6,32,80,16,4,76,21,3,80,15,4,,70,7,17,6,62,7,20,13,66,11,14,11,,60,35,,20,30,50,89,24,59,59,29,18,18,41,12,33,,,,,3069228675,Total global population in this income band. Includes populations of countries who have not provided data,"2,676,235,839",87%,
Low Income Countries,10,7668,4,"94,000","1 in every 94,000 people",,35,2683.8,4984.2,65,197,0.8,,,2.7,,,426,2.5,36,That's 36 people diagnosed every month,,0,0,0,0,,,,,32,0,0,,20,20,20,0,20,20,60,50,83,16,2,0,0,0,0,0,0,,57,9,31,3,0,0,0,0,0,0,0,0,,0,0,,0,0,0,67,50,0,0,0,0,50,0,50,17,,,,,724058629,Total global population in this income band. Includes populations of countries who have not provided data,"264,480,158",37%,
African,15,30102,5,"20,000","1 in every 20,000 people",,33,9933.66,20168.34,67,101,0.6,,,0.7,,,429,0.4,36,That's 36 people diagnosed every month,,33,67,1,0.1,,,,,33,33,36,,33,44,44,11,11,11,44,40,72,22,6,90,10,0,95,5,0,,78,8,15,0,68,15,18,0,78,8,15,0,,29,0,,20,0,38,63,20,60,40,40,0,20,0,40,25,,,,,1091758856,Total global population in this region. Includes populations of countries who have not provided data,"610,724,940",56%,
Americas,20,1097088,112,900,1 in every 900 people,,29,318155.52,778932.48,71,"4,104",3.8,,,0.5,,,"30,153",4.8,"2,513","That's 2,513 people diagnosed every month",,31,69,374,0.5,,,,,33,35,35,,63,79,84,53,26,11,16,5,84,11,5,89,11,0,93,7,0,,76,7,13,5,81,7,12,0,84,6,10,0,,47,37,,47,41,41,89,25,44,56,31,13,0,63,38,40,,,,,1013533920,Total global population in this region. Includes populations of countries who have not provided data,"982,467,932",97%,
Eastern Mediterranean,18,191386,30,"3,000","1 in every 3,000 people",,34,65071.24,126314.76,66,498,1.5,,,2,,,"11,841",3.6,987,That's 987 people diagnosed every month,,35,65,14,0.4,,,,,30,31,28,,19,81,75,31,13,0,6,16,81,15,4,78,17,5,78,15,7,,68,9,16,7,53,9,22,20,61,9,15,19,,88,63,,38,25,63,87,38,69,69,54,15,23,77,0,60,,,,,711773933,Total global population in this region. Includes populations of countries who have not provided data,"646,546,409",91%,
European,44,1110222,133,800,1 in every 800 people,,31,344168.82,766053.18,69,"18,772",24.7,,,2.6,,,"46,597",6.8,"3,883","That's 3,883 people diagnosed every month",,31,69,464,1.4,,,,,33,37,35,,22,78,78,38,9,6,19,27,88,10,2,81,14,5,85,100,5,,67,11,22,0,60,14,24,4,67,10,23,1,,77,46,,46,15,38,90,17,55,41,28,4,10,45,28,32,,,,,930495197,Total global population in this region. Includes populations of countries who have not provided data,"835,370,538",90%,New data for Sweden added for MS type at diagnosis 25-9-2020 and Europe recalculated
South-East Asia,9,148960,9,"13,000","1 in every 13,000 people",,24,35750.4,113209.6,76,"3,900",0.8,,,2.7,,,"6,701",0.4,558,That's 558 people diagnosed every month,,28,72,0,0,,,,,31,34,30,,20,80,100,0,0,0,0,44,86,7,7,81,19,0,89,9,2,,83,5,12,0,75,9,16,0,85,9,6,0,,57,29,,0,43,29,100,20,80,60,20,0,0,40,0,50,,,,,2002586723,Total global population in this region. Includes populations of countries who have not provided data,"1,975,749,162",99%,
Western Pacific,9,79168,5,"21,000","1 in every 21,000 people",,22,17416.96,61751.04,78,190,0.4,,,2.3,,,"11,623",0.8,969,That's 969 people diagnosed every month,,19,81,21,0.3,,,,,32,36,32,,56,89,100,56,22,22,0,0,90,10,0,77,23,0,90,10,0,,79,8,13,0,76,9,15,0,77,10,13,0,,67,56,,22,11,22,89,38,63,50,63,13,13,75,38,22,,,,,1954841954,Total global population in this region. Includes populations of countries who have not provided data,"1,666,763,879",85%,
Other Unaccounted Populations,,,,,,,,,,,,,,,,,,,,,,,,,,,,,,,,,,,,,,,,,,,,,,,,,,,,,,,,,,,,,,,,,,,,,,,,,,,,,,,,,,,,,,8477622,"This includes Qatar expats, Lebanon refugees, and non-UN/World Bank nations.",,,
